Copyright 1986-2022 Xilinx, Inc. All Rights Reserved. Copyright 2022-2026 Advanced Micro Devices, Inc. All Rights Reserved.
---------------------------------------------------------------------------------------------------------------------------------------------
| Tool Version : Vivado v.2026.1 (lin64) Build 6511674 Tue Jun 16 11:01:26 MDT 2026
| Date         : Tue Aug 11 20:10:07 2026
| Host         : NiuBi running 64-bit Ubuntu 24.04.4 LTS
| Command      : report_utilization -file /raid/work/vek280_bitcoin_miner/reports/impl_vek280_4x32_ooc/utilization_impl.rpt -hierarchical
| Design       : miner_system_wrapper
| Device       : xcve2802-vsvh1760-2MP-e-S
| Speed File   : -2MP
| Design State : Physopt postRoute
---------------------------------------------------------------------------------------------------------------------------------------------

Utilization Design Information

Table of Contents
-----------------
1. Utilization by Hierarchy

1. Utilization by Hierarchy
---------------------------

+--------------------------------------------+-----------------------------------------------------------------------------------+------------+------------+---------+------+--------+--------+--------+------+------------+
|                  Instance                  |                                       Module                                      | Total LUTs | Logic LUTs | LUTRAMs | SRLs |   FFs  | RAMB36 | RAMB18 | URAM | DSP Blocks |
+--------------------------------------------+-----------------------------------------------------------------------------------+------------+------------+---------+------+--------+--------+--------+------+------------+
| miner_system_wrapper                       |                                                                             (top) |     351435 |     351434 |       0 |    1 | 495863 |      0 |      0 |    0 |          0 |
|   miner_system_i                           |                                                                      miner_system |     351435 |     351434 |       0 |    1 | 495863 |      0 |      0 |    0 |          0 |
|     miner_3                                |                                                            miner_system_miner_3_0 |      87699 |      87699 |       0 |    0 | 123646 |      0 |      0 |    0 |          0 |
|       inst                                 |                                                              bitcoin_miner_axi_32 |      87699 |      87699 |       0 |    0 | 123646 |      0 |      0 |    0 |          0 |
|         u_miner                            |                                                                 bitcoin_miner_axi |      87699 |      87699 |       0 |    0 | 123646 |      0 |      0 |    0 |          0 |
|           (u_miner)                        |                                                                 bitcoin_miner_axi |        951 |        951 |       0 |    0 |   3228 |      0 |      0 |    0 |          0 |
|           g_clusters[0].u_result_fifo      |                                                       bitcoin_result_cluster_fifo |       4056 |       4056 |       0 |    0 |  10876 |      0 |      0 |    0 |          0 |
|           g_engines[0].u_engine            |                                                            bitcoin_hash_engine__1 |       2591 |       2591 |       0 |    0 |   3431 |      0 |      0 |    0 |          0 |
|             (g_engines[0].u_engine)        |                                                            bitcoin_hash_engine__1 |        998 |        998 |       0 |    0 |   1768 |      0 |      0 |    0 |          0 |
|             u_core                         |                                                             sha256_core_fabric__1 |       1593 |       1593 |       0 |    0 |   1663 |      0 |      0 |    0 |          0 |
|               u_core                       |                                                          sha256_core_iterative__1 |       1593 |       1593 |       0 |    0 |   1663 |      0 |      0 |    0 |          0 |
|           g_engines[10].u_engine           |                                                           bitcoin_hash_engine__11 |       2580 |       2580 |       0 |    0 |   3421 |      0 |      0 |    0 |          0 |
|             (g_engines[10].u_engine)       |                                                           bitcoin_hash_engine__11 |        994 |        994 |       0 |    0 |   1768 |      0 |      0 |    0 |          0 |
|             u_core                         |                                                            sha256_core_fabric__11 |       1586 |       1586 |       0 |    0 |   1653 |      0 |      0 |    0 |          0 |
|               u_core                       |                                                         sha256_core_iterative__11 |       1586 |       1586 |       0 |    0 |   1653 |      0 |      0 |    0 |          0 |
|           g_engines[11].u_engine           |                                                           bitcoin_hash_engine__12 |       2594 |       2594 |       0 |    0 |   3421 |      0 |      0 |    0 |          0 |
|             (g_engines[11].u_engine)       |                                                           bitcoin_hash_engine__12 |       1001 |       1001 |       0 |    0 |   1768 |      0 |      0 |    0 |          0 |
|             u_core                         |                                                            sha256_core_fabric__12 |       1593 |       1593 |       0 |    0 |   1653 |      0 |      0 |    0 |          0 |
|               u_core                       |                                                         sha256_core_iterative__12 |       1593 |       1593 |       0 |    0 |   1653 |      0 |      0 |    0 |          0 |
|           g_engines[12].u_engine           |                                                           bitcoin_hash_engine__13 |       2605 |       2605 |       0 |    0 |   3432 |      0 |      0 |    0 |          0 |
|             (g_engines[12].u_engine)       |                                                           bitcoin_hash_engine__13 |       1010 |       1010 |       0 |    0 |   1768 |      0 |      0 |    0 |          0 |
|             u_core                         |                                                            sha256_core_fabric__13 |       1598 |       1598 |       0 |    0 |   1664 |      0 |      0 |    0 |          0 |
|               u_core                       |                                                         sha256_core_iterative__13 |       1598 |       1598 |       0 |    0 |   1664 |      0 |      0 |    0 |          0 |
|           g_engines[13].u_engine           |                                                           bitcoin_hash_engine__14 |       2594 |       2594 |       0 |    0 |   3428 |      0 |      0 |    0 |          0 |
|             (g_engines[13].u_engine)       |                                                           bitcoin_hash_engine__14 |       1001 |       1001 |       0 |    0 |   1768 |      0 |      0 |    0 |          0 |
|             u_core                         |                                                            sha256_core_fabric__14 |       1597 |       1597 |       0 |    0 |   1660 |      0 |      0 |    0 |          0 |
|               u_core                       |                                                         sha256_core_iterative__14 |       1597 |       1597 |       0 |    0 |   1660 |      0 |      0 |    0 |          0 |
|           g_engines[14].u_engine           |                                                           bitcoin_hash_engine__15 |       2596 |       2596 |       0 |    0 |   3431 |      0 |      0 |    0 |          0 |
|             (g_engines[14].u_engine)       |                                                           bitcoin_hash_engine__15 |       1008 |       1008 |       0 |    0 |   1768 |      0 |      0 |    0 |          0 |
|             u_core                         |                                                            sha256_core_fabric__15 |       1592 |       1592 |       0 |    0 |   1663 |      0 |      0 |    0 |          0 |
|               u_core                       |                                                         sha256_core_iterative__15 |       1592 |       1592 |       0 |    0 |   1663 |      0 |      0 |    0 |          0 |
|           g_engines[15].u_engine           |                                                           bitcoin_hash_engine__16 |       2579 |       2579 |       0 |    0 |   3428 |      0 |      0 |    0 |          0 |
|             (g_engines[15].u_engine)       |                                                           bitcoin_hash_engine__16 |        989 |        989 |       0 |    0 |   1768 |      0 |      0 |    0 |          0 |
|             u_core                         |                                                            sha256_core_fabric__16 |       1590 |       1590 |       0 |    0 |   1660 |      0 |      0 |    0 |          0 |
|               u_core                       |                                                         sha256_core_iterative__16 |       1590 |       1590 |       0 |    0 |   1660 |      0 |      0 |    0 |          0 |
|           g_engines[16].u_engine           |                                                           bitcoin_hash_engine__17 |       2575 |       2575 |       0 |    0 |   3421 |      0 |      0 |    0 |          0 |
|             (g_engines[16].u_engine)       |                                                           bitcoin_hash_engine__17 |        989 |        989 |       0 |    0 |   1768 |      0 |      0 |    0 |          0 |
|             u_core                         |                                                            sha256_core_fabric__17 |       1590 |       1590 |       0 |    0 |   1653 |      0 |      0 |    0 |          0 |
|               u_core                       |                                                         sha256_core_iterative__17 |       1590 |       1590 |       0 |    0 |   1653 |      0 |      0 |    0 |          0 |
|           g_engines[17].u_engine           |                                                           bitcoin_hash_engine__18 |       2593 |       2593 |       0 |    0 |   3421 |      0 |      0 |    0 |          0 |
|             (g_engines[17].u_engine)       |                                                           bitcoin_hash_engine__18 |       1008 |       1008 |       0 |    0 |   1768 |      0 |      0 |    0 |          0 |
|             u_core                         |                                                            sha256_core_fabric__18 |       1588 |       1588 |       0 |    0 |   1653 |      0 |      0 |    0 |          0 |
|               u_core                       |                                                         sha256_core_iterative__18 |       1588 |       1588 |       0 |    0 |   1653 |      0 |      0 |    0 |          0 |
|           g_engines[18].u_engine           |                                                           bitcoin_hash_engine__19 |       2589 |       2589 |       0 |    0 |   3421 |      0 |      0 |    0 |          0 |
|             (g_engines[18].u_engine)       |                                                           bitcoin_hash_engine__19 |        998 |        998 |       0 |    0 |   1768 |      0 |      0 |    0 |          0 |
|             u_core                         |                                                            sha256_core_fabric__19 |       1594 |       1594 |       0 |    0 |   1653 |      0 |      0 |    0 |          0 |
|               u_core                       |                                                         sha256_core_iterative__19 |       1594 |       1594 |       0 |    0 |   1653 |      0 |      0 |    0 |          0 |
|           g_engines[19].u_engine           |                                                           bitcoin_hash_engine__20 |       2600 |       2600 |       0 |    0 |   3421 |      0 |      0 |    0 |          0 |
|             (g_engines[19].u_engine)       |                                                           bitcoin_hash_engine__20 |       1011 |       1011 |       0 |    0 |   1768 |      0 |      0 |    0 |          0 |
|             u_core                         |                                                            sha256_core_fabric__20 |       1589 |       1589 |       0 |    0 |   1653 |      0 |      0 |    0 |          0 |
|               u_core                       |                                                         sha256_core_iterative__20 |       1589 |       1589 |       0 |    0 |   1653 |      0 |      0 |    0 |          0 |
|           g_engines[1].u_engine            |                                                            bitcoin_hash_engine__2 |       2585 |       2585 |       0 |    0 |   3428 |      0 |      0 |    0 |          0 |
|             (g_engines[1].u_engine)        |                                                            bitcoin_hash_engine__2 |        992 |        992 |       0 |    0 |   1768 |      0 |      0 |    0 |          0 |
|             u_core                         |                                                             sha256_core_fabric__2 |       1593 |       1593 |       0 |    0 |   1660 |      0 |      0 |    0 |          0 |
|               u_core                       |                                                          sha256_core_iterative__2 |       1593 |       1593 |       0 |    0 |   1660 |      0 |      0 |    0 |          0 |
|           g_engines[20].u_engine           |                                                           bitcoin_hash_engine__21 |       2570 |       2570 |       0 |    0 |   3421 |      0 |      0 |    0 |          0 |
|             (g_engines[20].u_engine)       |                                                           bitcoin_hash_engine__21 |        987 |        987 |       0 |    0 |   1768 |      0 |      0 |    0 |          0 |
|             u_core                         |                                                            sha256_core_fabric__21 |       1587 |       1587 |       0 |    0 |   1653 |      0 |      0 |    0 |          0 |
|               u_core                       |                                                         sha256_core_iterative__21 |       1587 |       1587 |       0 |    0 |   1653 |      0 |      0 |    0 |          0 |
|           g_engines[21].u_engine           |                                                           bitcoin_hash_engine__22 |       2567 |       2567 |       0 |    0 |   3421 |      0 |      0 |    0 |          0 |
|             (g_engines[21].u_engine)       |                                                           bitcoin_hash_engine__22 |        982 |        982 |       0 |    0 |   1768 |      0 |      0 |    0 |          0 |
|             u_core                         |                                                            sha256_core_fabric__22 |       1588 |       1588 |       0 |    0 |   1653 |      0 |      0 |    0 |          0 |
|               u_core                       |                                                         sha256_core_iterative__22 |       1588 |       1588 |       0 |    0 |   1653 |      0 |      0 |    0 |          0 |
|           g_engines[22].u_engine           |                                                           bitcoin_hash_engine__23 |       2581 |       2581 |       0 |    0 |   3421 |      0 |      0 |    0 |          0 |
|             (g_engines[22].u_engine)       |                                                           bitcoin_hash_engine__23 |       1000 |       1000 |       0 |    0 |   1768 |      0 |      0 |    0 |          0 |
|             u_core                         |                                                            sha256_core_fabric__23 |       1585 |       1585 |       0 |    0 |   1653 |      0 |      0 |    0 |          0 |
|               u_core                       |                                                         sha256_core_iterative__23 |       1585 |       1585 |       0 |    0 |   1653 |      0 |      0 |    0 |          0 |
|           g_engines[23].u_engine           |                                                           bitcoin_hash_engine__24 |       2586 |       2586 |       0 |    0 |   3421 |      0 |      0 |    0 |          0 |
|             (g_engines[23].u_engine)       |                                                           bitcoin_hash_engine__24 |       1000 |       1000 |       0 |    0 |   1768 |      0 |      0 |    0 |          0 |
|             u_core                         |                                                            sha256_core_fabric__24 |       1587 |       1587 |       0 |    0 |   1653 |      0 |      0 |    0 |          0 |
|               u_core                       |                                                         sha256_core_iterative__24 |       1587 |       1587 |       0 |    0 |   1653 |      0 |      0 |    0 |          0 |
|           g_engines[24].u_engine           |                                                           bitcoin_hash_engine__25 |       2584 |       2584 |       0 |    0 |   3421 |      0 |      0 |    0 |          0 |
|             (g_engines[24].u_engine)       |                                                           bitcoin_hash_engine__25 |        996 |        996 |       0 |    0 |   1768 |      0 |      0 |    0 |          0 |
|             u_core                         |                                                            sha256_core_fabric__25 |       1589 |       1589 |       0 |    0 |   1653 |      0 |      0 |    0 |          0 |
|               u_core                       |                                                         sha256_core_iterative__25 |       1589 |       1589 |       0 |    0 |   1653 |      0 |      0 |    0 |          0 |
|           g_engines[25].u_engine           |                                                           bitcoin_hash_engine__26 |       2567 |       2567 |       0 |    0 |   3421 |      0 |      0 |    0 |          0 |
|             (g_engines[25].u_engine)       |                                                           bitcoin_hash_engine__26 |        978 |        978 |       0 |    0 |   1768 |      0 |      0 |    0 |          0 |
|             u_core                         |                                                            sha256_core_fabric__26 |       1590 |       1590 |       0 |    0 |   1653 |      0 |      0 |    0 |          0 |
|               u_core                       |                                                         sha256_core_iterative__26 |       1590 |       1590 |       0 |    0 |   1653 |      0 |      0 |    0 |          0 |
|           g_engines[26].u_engine           |                                                           bitcoin_hash_engine__27 |       2579 |       2579 |       0 |    0 |   3421 |      0 |      0 |    0 |          0 |
|             (g_engines[26].u_engine)       |                                                           bitcoin_hash_engine__27 |        993 |        993 |       0 |    0 |   1768 |      0 |      0 |    0 |          0 |
|             u_core                         |                                                            sha256_core_fabric__27 |       1590 |       1590 |       0 |    0 |   1653 |      0 |      0 |    0 |          0 |
|               u_core                       |                                                         sha256_core_iterative__27 |       1590 |       1590 |       0 |    0 |   1653 |      0 |      0 |    0 |          0 |
|           g_engines[27].u_engine           |                                                           bitcoin_hash_engine__28 |       2588 |       2588 |       0 |    0 |   3421 |      0 |      0 |    0 |          0 |
|             (g_engines[27].u_engine)       |                                                           bitcoin_hash_engine__28 |       1007 |       1007 |       0 |    0 |   1768 |      0 |      0 |    0 |          0 |
|             u_core                         |                                                            sha256_core_fabric__28 |       1585 |       1585 |       0 |    0 |   1653 |      0 |      0 |    0 |          0 |
|               u_core                       |                                                         sha256_core_iterative__28 |       1585 |       1585 |       0 |    0 |   1653 |      0 |      0 |    0 |          0 |
|           g_engines[28].u_engine           |                                                           bitcoin_hash_engine__29 |       2573 |       2573 |       0 |    0 |   3421 |      0 |      0 |    0 |          0 |
|             (g_engines[28].u_engine)       |                                                           bitcoin_hash_engine__29 |        989 |        989 |       0 |    0 |   1768 |      0 |      0 |    0 |          0 |
|             u_core                         |                                                            sha256_core_fabric__29 |       1586 |       1586 |       0 |    0 |   1653 |      0 |      0 |    0 |          0 |
|               u_core                       |                                                         sha256_core_iterative__29 |       1586 |       1586 |       0 |    0 |   1653 |      0 |      0 |    0 |          0 |
|           g_engines[29].u_engine           |                                                           bitcoin_hash_engine__30 |       2584 |       2584 |       0 |    0 |   3421 |      0 |      0 |    0 |          0 |
|             (g_engines[29].u_engine)       |                                                           bitcoin_hash_engine__30 |        994 |        994 |       0 |    0 |   1768 |      0 |      0 |    0 |          0 |
|             u_core                         |                                                            sha256_core_fabric__30 |       1592 |       1592 |       0 |    0 |   1653 |      0 |      0 |    0 |          0 |
|               u_core                       |                                                         sha256_core_iterative__30 |       1592 |       1592 |       0 |    0 |   1653 |      0 |      0 |    0 |          0 |
|           g_engines[2].u_engine            |                                                            bitcoin_hash_engine__3 |       2582 |       2582 |       0 |    0 |   3429 |      0 |      0 |    0 |          0 |
|             (g_engines[2].u_engine)        |                                                            bitcoin_hash_engine__3 |        998 |        998 |       0 |    0 |   1768 |      0 |      0 |    0 |          0 |
|             u_core                         |                                                             sha256_core_fabric__3 |       1593 |       1593 |       0 |    0 |   1661 |      0 |      0 |    0 |          0 |
|               u_core                       |                                                          sha256_core_iterative__3 |       1593 |       1593 |       0 |    0 |   1661 |      0 |      0 |    0 |          0 |
|           g_engines[30].u_engine           |                                                           bitcoin_hash_engine__31 |       2603 |       2603 |       0 |    0 |   3421 |      0 |      0 |    0 |          0 |
|             (g_engines[30].u_engine)       |                                                           bitcoin_hash_engine__31 |       1012 |       1012 |       0 |    0 |   1768 |      0 |      0 |    0 |          0 |
|             u_core                         |                                                            sha256_core_fabric__31 |       1594 |       1594 |       0 |    0 |   1653 |      0 |      0 |    0 |          0 |
|               u_core                       |                                                         sha256_core_iterative__31 |       1594 |       1594 |       0 |    0 |   1653 |      0 |      0 |    0 |          0 |
|           g_engines[31].u_engine           |                                                               bitcoin_hash_engine |       2590 |       2590 |       0 |    0 |   3421 |      0 |      0 |    0 |          0 |
|             (g_engines[31].u_engine)       |                                                               bitcoin_hash_engine |       1001 |       1001 |       0 |    0 |   1768 |      0 |      0 |    0 |          0 |
|             u_core                         |                                                                sha256_core_fabric |       1590 |       1590 |       0 |    0 |   1653 |      0 |      0 |    0 |          0 |
|               u_core                       |                                                             sha256_core_iterative |       1590 |       1590 |       0 |    0 |   1653 |      0 |      0 |    0 |          0 |
|           g_engines[3].u_engine            |                                                            bitcoin_hash_engine__4 |       2579 |       2579 |       0 |    0 |   3421 |      0 |      0 |    0 |          0 |
|             (g_engines[3].u_engine)        |                                                            bitcoin_hash_engine__4 |        991 |        991 |       0 |    0 |   1768 |      0 |      0 |    0 |          0 |
|             u_core                         |                                                             sha256_core_fabric__4 |       1590 |       1590 |       0 |    0 |   1653 |      0 |      0 |    0 |          0 |
|               u_core                       |                                                          sha256_core_iterative__4 |       1590 |       1590 |       0 |    0 |   1653 |      0 |      0 |    0 |          0 |
|           g_engines[4].u_engine            |                                                            bitcoin_hash_engine__5 |       2585 |       2585 |       0 |    0 |   3421 |      0 |      0 |    0 |          0 |
|             (g_engines[4].u_engine)        |                                                            bitcoin_hash_engine__5 |        995 |        995 |       0 |    0 |   1768 |      0 |      0 |    0 |          0 |
|             u_core                         |                                                             sha256_core_fabric__5 |       1591 |       1591 |       0 |    0 |   1653 |      0 |      0 |    0 |          0 |
|               u_core                       |                                                          sha256_core_iterative__5 |       1591 |       1591 |       0 |    0 |   1653 |      0 |      0 |    0 |          0 |
|           g_engines[5].u_engine            |                                                            bitcoin_hash_engine__6 |       2578 |       2578 |       0 |    0 |   3421 |      0 |      0 |    0 |          0 |
|             (g_engines[5].u_engine)        |                                                            bitcoin_hash_engine__6 |        992 |        992 |       0 |    0 |   1768 |      0 |      0 |    0 |          0 |
|             u_core                         |                                                             sha256_core_fabric__6 |       1590 |       1590 |       0 |    0 |   1653 |      0 |      0 |    0 |          0 |
|               u_core                       |                                                          sha256_core_iterative__6 |       1590 |       1590 |       0 |    0 |   1653 |      0 |      0 |    0 |          0 |
|           g_engines[6].u_engine            |                                                            bitcoin_hash_engine__7 |       2581 |       2581 |       0 |    0 |   3421 |      0 |      0 |    0 |          0 |
|             (g_engines[6].u_engine)        |                                                            bitcoin_hash_engine__7 |        989 |        989 |       0 |    0 |   1768 |      0 |      0 |    0 |          0 |
|             u_core                         |                                                             sha256_core_fabric__7 |       1592 |       1592 |       0 |    0 |   1653 |      0 |      0 |    0 |          0 |
|               u_core                       |                                                          sha256_core_iterative__7 |       1592 |       1592 |       0 |    0 |   1653 |      0 |      0 |    0 |          0 |
|           g_engines[7].u_engine            |                                                            bitcoin_hash_engine__8 |       2587 |       2587 |       0 |    0 |   3431 |      0 |      0 |    0 |          0 |
|             (g_engines[7].u_engine)        |                                                            bitcoin_hash_engine__8 |        995 |        995 |       0 |    0 |   1768 |      0 |      0 |    0 |          0 |
|             u_core                         |                                                             sha256_core_fabric__8 |       1597 |       1597 |       0 |    0 |   1663 |      0 |      0 |    0 |          0 |
|               u_core                       |                                                          sha256_core_iterative__8 |       1597 |       1597 |       0 |    0 |   1663 |      0 |      0 |    0 |          0 |
|           g_engines[8].u_engine            |                                                            bitcoin_hash_engine__9 |       2577 |       2577 |       0 |    0 |   3421 |      0 |      0 |    0 |          0 |
|             (g_engines[8].u_engine)        |                                                            bitcoin_hash_engine__9 |        992 |        992 |       0 |    0 |   1768 |      0 |      0 |    0 |          0 |
|             u_core                         |                                                             sha256_core_fabric__9 |       1585 |       1585 |       0 |    0 |   1653 |      0 |      0 |    0 |          0 |
|               u_core                       |                                                          sha256_core_iterative__9 |       1585 |       1585 |       0 |    0 |   1653 |      0 |      0 |    0 |          0 |
|           g_engines[9].u_engine            |                                                           bitcoin_hash_engine__10 |       2595 |       2595 |       0 |    0 |   3421 |      0 |      0 |    0 |          0 |
|             (g_engines[9].u_engine)        |                                                           bitcoin_hash_engine__10 |       1007 |       1007 |       0 |    0 |   1768 |      0 |      0 |    0 |          0 |
|             u_core                         |                                                            sha256_core_fabric__10 |       1591 |       1591 |       0 |    0 |   1653 |      0 |      0 |    0 |          0 |
|               u_core                       |                                                         sha256_core_iterative__10 |       1591 |       1591 |       0 |    0 |   1653 |      0 |      0 |    0 |          0 |
|     axi_regslice_miner_0                   |                                               miner_system_axi_regslice_miner_0_0 |         15 |         15 |       0 |    0 |    108 |      0 |      0 |    0 |          0 |
|       inst                                 | miner_system_axi_regslice_miner_0_0_axi_register_slice_v2_1_37_axi_register_slice |         15 |         15 |       0 |    0 |    108 |      0 |      0 |    0 |          0 |
|     axi_regslice_miner_1                   |                                               miner_system_axi_regslice_miner_1_0 |         15 |         15 |       0 |    0 |    108 |      0 |      0 |    0 |          0 |
|       inst                                 | miner_system_axi_regslice_miner_1_0_axi_register_slice_v2_1_37_axi_register_slice |         15 |         15 |       0 |    0 |    108 |      0 |      0 |    0 |          0 |
|     axi_regslice_miner_2                   |                                               miner_system_axi_regslice_miner_2_0 |         15 |         15 |       0 |    0 |    108 |      0 |      0 |    0 |          0 |
|       inst                                 | miner_system_axi_regslice_miner_2_0_axi_register_slice_v2_1_37_axi_register_slice |         15 |         15 |       0 |    0 |    108 |      0 |      0 |    0 |          0 |
|     axi_regslice_miner_3                   |                                               miner_system_axi_regslice_miner_3_0 |         15 |         15 |       0 |    0 |    108 |      0 |      0 |    0 |          0 |
|       inst                                 | miner_system_axi_regslice_miner_3_0_axi_register_slice_v2_1_37_axi_register_slice |         15 |         15 |       0 |    0 |    108 |      0 |      0 |    0 |          0 |
|     axi_smc                                |                                                            miner_system_axi_smc_0 |        677 |        677 |       0 |    0 |    844 |      0 |      0 |    0 |          0 |
|       inst                                 |                                                    miner_system_axi_smc_0_bd_0e69 |        677 |        677 |       0 |    0 |    844 |      0 |      0 |    0 |          0 |
|         sc_ul                              |                                            miner_system_axi_smc_0_bd_0e69_sc_ul_0 |        677 |        677 |       0 |    0 |    844 |      0 |      0 |    0 |          0 |
|           inst                             |                                    miner_system_axi_smc_0_sc_ultralite_v1_0_1_top |        677 |        677 |       0 |    0 |    844 |      0 |      0 |    0 |          0 |
|             gen_axi_full_nxm.sasd_inst     |                              miner_system_axi_smc_0_sc_ultralite_v1_0_1_sasd_lite |        677 |        677 |       0 |    0 |    842 |      0 |      0 |    0 |          0 |
|               (gen_axi_full_nxm.sasd_inst) |                              miner_system_axi_smc_0_sc_ultralite_v1_0_1_sasd_lite |        150 |        150 |       0 |    0 |    407 |      0 |      0 |    0 |          0 |
|               gen_read.araddr_mux          |                miner_system_axi_smc_0_sc_ultralite_v1_0_1_mux_hot__parameterized4 |        112 |        112 |       0 |    0 |     44 |      0 |      0 |    0 |          0 |
|               gen_read.arctrl_mux          |                miner_system_axi_smc_0_sc_ultralite_v1_0_1_mux_hot__parameterized5 |        105 |        105 |       0 |    0 |     13 |      0 |      0 |    0 |          0 |
|               gen_read.rdata_mux           |               miner_system_axi_smc_0_sc_ultralite_v1_0_1_mux_hot__parameterized10 |         82 |         82 |       0 |    0 |    128 |      0 |      0 |    0 |          0 |
|               gen_write.awctrl_mux         |              miner_system_axi_smc_0_sc_ultralite_v1_0_1_mux_hot__parameterized5_2 |         59 |         59 |       0 |    0 |     13 |      0 |      0 |    0 |          0 |
|               gen_write.wdata_mux          |                miner_system_axi_smc_0_sc_ultralite_v1_0_1_mux_hot__parameterized1 |         48 |         48 |       0 |    0 |    128 |      0 |      0 |    0 |          0 |
|     miner_0                                |                                                            miner_system_miner_0_0 |      87511 |      87511 |       0 |    0 | 123602 |      0 |      0 |    0 |          0 |
|       inst                                 |                                                              bitcoin_miner_axi_32 |      87511 |      87511 |       0 |    0 | 123602 |      0 |      0 |    0 |          0 |
|         u_miner                            |                                                                 bitcoin_miner_axi |      87511 |      87511 |       0 |    0 | 123602 |      0 |      0 |    0 |          0 |
|           (u_miner)                        |                                                                 bitcoin_miner_axi |        931 |        931 |       0 |    0 |   3234 |      0 |      0 |    0 |          0 |
|           g_clusters[0].u_result_fifo      |                                                       bitcoin_result_cluster_fifo |       3941 |       3941 |       0 |    0 |  10881 |      0 |      0 |    0 |          0 |
|           g_engines[0].u_engine            |                                                            bitcoin_hash_engine__1 |       2596 |       2596 |       0 |    0 |   3421 |      0 |      0 |    0 |          0 |
|             (g_engines[0].u_engine)        |                                                            bitcoin_hash_engine__1 |       1005 |       1005 |       0 |    0 |   1768 |      0 |      0 |    0 |          0 |
|             u_core                         |                                                             sha256_core_fabric__1 |       1592 |       1592 |       0 |    0 |   1653 |      0 |      0 |    0 |          0 |
|               u_core                       |                                                          sha256_core_iterative__1 |       1592 |       1592 |       0 |    0 |   1653 |      0 |      0 |    0 |          0 |
|           g_engines[10].u_engine           |                                                           bitcoin_hash_engine__11 |       2577 |       2577 |       0 |    0 |   3421 |      0 |      0 |    0 |          0 |
|             (g_engines[10].u_engine)       |                                                           bitcoin_hash_engine__11 |        990 |        990 |       0 |    0 |   1768 |      0 |      0 |    0 |          0 |
|             u_core                         |                                                            sha256_core_fabric__11 |       1591 |       1591 |       0 |    0 |   1653 |      0 |      0 |    0 |          0 |
|               u_core                       |                                                         sha256_core_iterative__11 |       1591 |       1591 |       0 |    0 |   1653 |      0 |      0 |    0 |          0 |
|           g_engines[11].u_engine           |                                                           bitcoin_hash_engine__12 |       2574 |       2574 |       0 |    0 |   3421 |      0 |      0 |    0 |          0 |
|             (g_engines[11].u_engine)       |                                                           bitcoin_hash_engine__12 |        987 |        987 |       0 |    0 |   1768 |      0 |      0 |    0 |          0 |
|             u_core                         |                                                            sha256_core_fabric__12 |       1591 |       1591 |       0 |    0 |   1653 |      0 |      0 |    0 |          0 |
|               u_core                       |                                                         sha256_core_iterative__12 |       1591 |       1591 |       0 |    0 |   1653 |      0 |      0 |    0 |          0 |
|           g_engines[12].u_engine           |                                                           bitcoin_hash_engine__13 |       2582 |       2582 |       0 |    0 |   3422 |      0 |      0 |    0 |          0 |
|             (g_engines[12].u_engine)       |                                                           bitcoin_hash_engine__13 |       1000 |       1000 |       0 |    0 |   1769 |      0 |      0 |    0 |          0 |
|             u_core                         |                                                            sha256_core_fabric__13 |       1586 |       1586 |       0 |    0 |   1653 |      0 |      0 |    0 |          0 |
|               u_core                       |                                                         sha256_core_iterative__13 |       1586 |       1586 |       0 |    0 |   1653 |      0 |      0 |    0 |          0 |
|           g_engines[13].u_engine           |                                                           bitcoin_hash_engine__14 |       2576 |       2576 |       0 |    0 |   3422 |      0 |      0 |    0 |          0 |
|             (g_engines[13].u_engine)       |                                                           bitcoin_hash_engine__14 |        995 |        995 |       0 |    0 |   1769 |      0 |      0 |    0 |          0 |
|             u_core                         |                                                            sha256_core_fabric__14 |       1586 |       1586 |       0 |    0 |   1653 |      0 |      0 |    0 |          0 |
|               u_core                       |                                                         sha256_core_iterative__14 |       1586 |       1586 |       0 |    0 |   1653 |      0 |      0 |    0 |          0 |
|           g_engines[14].u_engine           |                                                           bitcoin_hash_engine__15 |       2591 |       2591 |       0 |    0 |   3422 |      0 |      0 |    0 |          0 |
|             (g_engines[14].u_engine)       |                                                           bitcoin_hash_engine__15 |       1002 |       1002 |       0 |    0 |   1769 |      0 |      0 |    0 |          0 |
|             u_core                         |                                                            sha256_core_fabric__15 |       1590 |       1590 |       0 |    0 |   1653 |      0 |      0 |    0 |          0 |
|               u_core                       |                                                         sha256_core_iterative__15 |       1590 |       1590 |       0 |    0 |   1653 |      0 |      0 |    0 |          0 |
|           g_engines[15].u_engine           |                                                           bitcoin_hash_engine__16 |       2588 |       2588 |       0 |    0 |   3422 |      0 |      0 |    0 |          0 |
|             (g_engines[15].u_engine)       |                                                           bitcoin_hash_engine__16 |        999 |        999 |       0 |    0 |   1769 |      0 |      0 |    0 |          0 |
|             u_core                         |                                                            sha256_core_fabric__16 |       1590 |       1590 |       0 |    0 |   1653 |      0 |      0 |    0 |          0 |
|               u_core                       |                                                         sha256_core_iterative__16 |       1590 |       1590 |       0 |    0 |   1653 |      0 |      0 |    0 |          0 |
|           g_engines[16].u_engine           |                                                           bitcoin_hash_engine__17 |       2573 |       2573 |       0 |    0 |   3421 |      0 |      0 |    0 |          0 |
|             (g_engines[16].u_engine)       |                                                           bitcoin_hash_engine__17 |        987 |        987 |       0 |    0 |   1768 |      0 |      0 |    0 |          0 |
|             u_core                         |                                                            sha256_core_fabric__17 |       1589 |       1589 |       0 |    0 |   1653 |      0 |      0 |    0 |          0 |
|               u_core                       |                                                         sha256_core_iterative__17 |       1589 |       1589 |       0 |    0 |   1653 |      0 |      0 |    0 |          0 |
|           g_engines[17].u_engine           |                                                           bitcoin_hash_engine__18 |       2585 |       2585 |       0 |    0 |   3421 |      0 |      0 |    0 |          0 |
|             (g_engines[17].u_engine)       |                                                           bitcoin_hash_engine__18 |        995 |        995 |       0 |    0 |   1768 |      0 |      0 |    0 |          0 |
|             u_core                         |                                                            sha256_core_fabric__18 |       1593 |       1593 |       0 |    0 |   1653 |      0 |      0 |    0 |          0 |
|               u_core                       |                                                         sha256_core_iterative__18 |       1593 |       1593 |       0 |    0 |   1653 |      0 |      0 |    0 |          0 |
|           g_engines[18].u_engine           |                                                           bitcoin_hash_engine__19 |       2577 |       2577 |       0 |    0 |   3421 |      0 |      0 |    0 |          0 |
|             (g_engines[18].u_engine)       |                                                           bitcoin_hash_engine__19 |        990 |        990 |       0 |    0 |   1768 |      0 |      0 |    0 |          0 |
|             u_core                         |                                                            sha256_core_fabric__19 |       1590 |       1590 |       0 |    0 |   1653 |      0 |      0 |    0 |          0 |
|               u_core                       |                                                         sha256_core_iterative__19 |       1590 |       1590 |       0 |    0 |   1653 |      0 |      0 |    0 |          0 |
|           g_engines[19].u_engine           |                                                           bitcoin_hash_engine__20 |       2589 |       2589 |       0 |    0 |   3421 |      0 |      0 |    0 |          0 |
|             (g_engines[19].u_engine)       |                                                           bitcoin_hash_engine__20 |       1001 |       1001 |       0 |    0 |   1768 |      0 |      0 |    0 |          0 |
|             u_core                         |                                                            sha256_core_fabric__20 |       1589 |       1589 |       0 |    0 |   1653 |      0 |      0 |    0 |          0 |
|               u_core                       |                                                         sha256_core_iterative__20 |       1589 |       1589 |       0 |    0 |   1653 |      0 |      0 |    0 |          0 |
|           g_engines[1].u_engine            |                                                            bitcoin_hash_engine__2 |       2581 |       2581 |       0 |    0 |   3421 |      0 |      0 |    0 |          0 |
|             (g_engines[1].u_engine)        |                                                            bitcoin_hash_engine__2 |        991 |        991 |       0 |    0 |   1768 |      0 |      0 |    0 |          0 |
|             u_core                         |                                                             sha256_core_fabric__2 |       1595 |       1595 |       0 |    0 |   1653 |      0 |      0 |    0 |          0 |
|               u_core                       |                                                          sha256_core_iterative__2 |       1595 |       1595 |       0 |    0 |   1653 |      0 |      0 |    0 |          0 |
|           g_engines[20].u_engine           |                                                           bitcoin_hash_engine__21 |       2596 |       2596 |       0 |    0 |   3421 |      0 |      0 |    0 |          0 |
|             (g_engines[20].u_engine)       |                                                           bitcoin_hash_engine__21 |       1007 |       1007 |       0 |    0 |   1768 |      0 |      0 |    0 |          0 |
|             u_core                         |                                                            sha256_core_fabric__21 |       1592 |       1592 |       0 |    0 |   1653 |      0 |      0 |    0 |          0 |
|               u_core                       |                                                         sha256_core_iterative__21 |       1592 |       1592 |       0 |    0 |   1653 |      0 |      0 |    0 |          0 |
|           g_engines[21].u_engine           |                                                           bitcoin_hash_engine__22 |       2588 |       2588 |       0 |    0 |   3421 |      0 |      0 |    0 |          0 |
|             (g_engines[21].u_engine)       |                                                           bitcoin_hash_engine__22 |       1000 |       1000 |       0 |    0 |   1768 |      0 |      0 |    0 |          0 |
|             u_core                         |                                                            sha256_core_fabric__22 |       1591 |       1591 |       0 |    0 |   1653 |      0 |      0 |    0 |          0 |
|               u_core                       |                                                         sha256_core_iterative__22 |       1591 |       1591 |       0 |    0 |   1653 |      0 |      0 |    0 |          0 |
|           g_engines[22].u_engine           |                                                           bitcoin_hash_engine__23 |       2574 |       2574 |       0 |    0 |   3421 |      0 |      0 |    0 |          0 |
|             (g_engines[22].u_engine)       |                                                           bitcoin_hash_engine__23 |        984 |        984 |       0 |    0 |   1768 |      0 |      0 |    0 |          0 |
|             u_core                         |                                                            sha256_core_fabric__23 |       1590 |       1590 |       0 |    0 |   1653 |      0 |      0 |    0 |          0 |
|               u_core                       |                                                         sha256_core_iterative__23 |       1590 |       1590 |       0 |    0 |   1653 |      0 |      0 |    0 |          0 |
|           g_engines[23].u_engine           |                                                           bitcoin_hash_engine__24 |       2583 |       2583 |       0 |    0 |   3421 |      0 |      0 |    0 |          0 |
|             (g_engines[23].u_engine)       |                                                           bitcoin_hash_engine__24 |        992 |        992 |       0 |    0 |   1768 |      0 |      0 |    0 |          0 |
|             u_core                         |                                                            sha256_core_fabric__24 |       1593 |       1593 |       0 |    0 |   1653 |      0 |      0 |    0 |          0 |
|               u_core                       |                                                         sha256_core_iterative__24 |       1593 |       1593 |       0 |    0 |   1653 |      0 |      0 |    0 |          0 |
|           g_engines[24].u_engine           |                                                           bitcoin_hash_engine__25 |       2594 |       2594 |       0 |    0 |   3421 |      0 |      0 |    0 |          0 |
|             (g_engines[24].u_engine)       |                                                           bitcoin_hash_engine__25 |       1007 |       1007 |       0 |    0 |   1768 |      0 |      0 |    0 |          0 |
|             u_core                         |                                                            sha256_core_fabric__25 |       1587 |       1587 |       0 |    0 |   1653 |      0 |      0 |    0 |          0 |
|               u_core                       |                                                         sha256_core_iterative__25 |       1587 |       1587 |       0 |    0 |   1653 |      0 |      0 |    0 |          0 |
|           g_engines[25].u_engine           |                                                           bitcoin_hash_engine__26 |       2587 |       2587 |       0 |    0 |   3421 |      0 |      0 |    0 |          0 |
|             (g_engines[25].u_engine)       |                                                           bitcoin_hash_engine__26 |        996 |        996 |       0 |    0 |   1768 |      0 |      0 |    0 |          0 |
|             u_core                         |                                                            sha256_core_fabric__26 |       1594 |       1594 |       0 |    0 |   1653 |      0 |      0 |    0 |          0 |
|               u_core                       |                                                         sha256_core_iterative__26 |       1594 |       1594 |       0 |    0 |   1653 |      0 |      0 |    0 |          0 |
|           g_engines[26].u_engine           |                                                           bitcoin_hash_engine__27 |       2579 |       2579 |       0 |    0 |   3421 |      0 |      0 |    0 |          0 |
|             (g_engines[26].u_engine)       |                                                           bitcoin_hash_engine__27 |        993 |        993 |       0 |    0 |   1768 |      0 |      0 |    0 |          0 |
|             u_core                         |                                                            sha256_core_fabric__27 |       1589 |       1589 |       0 |    0 |   1653 |      0 |      0 |    0 |          0 |
|               u_core                       |                                                         sha256_core_iterative__27 |       1589 |       1589 |       0 |    0 |   1653 |      0 |      0 |    0 |          0 |
|           g_engines[27].u_engine           |                                                           bitcoin_hash_engine__28 |       2577 |       2577 |       0 |    0 |   3421 |      0 |      0 |    0 |          0 |
|             (g_engines[27].u_engine)       |                                                           bitcoin_hash_engine__28 |        991 |        991 |       0 |    0 |   1768 |      0 |      0 |    0 |          0 |
|             u_core                         |                                                            sha256_core_fabric__28 |       1589 |       1589 |       0 |    0 |   1653 |      0 |      0 |    0 |          0 |
|               u_core                       |                                                         sha256_core_iterative__28 |       1589 |       1589 |       0 |    0 |   1653 |      0 |      0 |    0 |          0 |
|           g_engines[28].u_engine           |                                                           bitcoin_hash_engine__29 |       2591 |       2591 |       0 |    0 |   3421 |      0 |      0 |    0 |          0 |
|             (g_engines[28].u_engine)       |                                                           bitcoin_hash_engine__29 |        997 |        997 |       0 |    0 |   1768 |      0 |      0 |    0 |          0 |
|             u_core                         |                                                            sha256_core_fabric__29 |       1595 |       1595 |       0 |    0 |   1653 |      0 |      0 |    0 |          0 |
|               u_core                       |                                                         sha256_core_iterative__29 |       1595 |       1595 |       0 |    0 |   1653 |      0 |      0 |    0 |          0 |
|           g_engines[29].u_engine           |                                                           bitcoin_hash_engine__30 |       2583 |       2583 |       0 |    0 |   3421 |      0 |      0 |    0 |          0 |
|             (g_engines[29].u_engine)       |                                                           bitcoin_hash_engine__30 |        992 |        992 |       0 |    0 |   1768 |      0 |      0 |    0 |          0 |
|             u_core                         |                                                            sha256_core_fabric__30 |       1592 |       1592 |       0 |    0 |   1653 |      0 |      0 |    0 |          0 |
|               u_core                       |                                                         sha256_core_iterative__30 |       1592 |       1592 |       0 |    0 |   1653 |      0 |      0 |    0 |          0 |
|           g_engines[2].u_engine            |                                                            bitcoin_hash_engine__3 |       2584 |       2584 |       0 |    0 |   3421 |      0 |      0 |    0 |          0 |
|             (g_engines[2].u_engine)        |                                                            bitcoin_hash_engine__3 |        996 |        996 |       0 |    0 |   1768 |      0 |      0 |    0 |          0 |
|             u_core                         |                                                             sha256_core_fabric__3 |       1592 |       1592 |       0 |    0 |   1653 |      0 |      0 |    0 |          0 |
|               u_core                       |                                                          sha256_core_iterative__3 |       1592 |       1592 |       0 |    0 |   1653 |      0 |      0 |    0 |          0 |
|           g_engines[30].u_engine           |                                                           bitcoin_hash_engine__31 |       2575 |       2575 |       0 |    0 |   3421 |      0 |      0 |    0 |          0 |
|             (g_engines[30].u_engine)       |                                                           bitcoin_hash_engine__31 |        991 |        991 |       0 |    0 |   1768 |      0 |      0 |    0 |          0 |
|             u_core                         |                                                            sha256_core_fabric__31 |       1587 |       1587 |       0 |    0 |   1653 |      0 |      0 |    0 |          0 |
|               u_core                       |                                                         sha256_core_iterative__31 |       1587 |       1587 |       0 |    0 |   1653 |      0 |      0 |    0 |          0 |
|           g_engines[31].u_engine           |                                                               bitcoin_hash_engine |       2586 |       2586 |       0 |    0 |   3432 |      0 |      0 |    0 |          0 |
|             (g_engines[31].u_engine)       |                                                               bitcoin_hash_engine |        994 |        994 |       0 |    0 |   1768 |      0 |      0 |    0 |          0 |
|             u_core                         |                                                                sha256_core_fabric |       1597 |       1597 |       0 |    0 |   1664 |      0 |      0 |    0 |          0 |
|               u_core                       |                                                             sha256_core_iterative |       1597 |       1597 |       0 |    0 |   1664 |      0 |      0 |    0 |          0 |
|           g_engines[3].u_engine            |                                                            bitcoin_hash_engine__4 |       2589 |       2589 |       0 |    0 |   3421 |      0 |      0 |    0 |          0 |
|             (g_engines[3].u_engine)        |                                                            bitcoin_hash_engine__4 |        999 |        999 |       0 |    0 |   1768 |      0 |      0 |    0 |          0 |
|             u_core                         |                                                             sha256_core_fabric__4 |       1590 |       1590 |       0 |    0 |   1653 |      0 |      0 |    0 |          0 |
|               u_core                       |                                                          sha256_core_iterative__4 |       1590 |       1590 |       0 |    0 |   1653 |      0 |      0 |    0 |          0 |
|           g_engines[4].u_engine            |                                                            bitcoin_hash_engine__5 |       2587 |       2587 |       0 |    0 |   3421 |      0 |      0 |    0 |          0 |
|             (g_engines[4].u_engine)        |                                                            bitcoin_hash_engine__5 |       1004 |       1004 |       0 |    0 |   1768 |      0 |      0 |    0 |          0 |
|             u_core                         |                                                             sha256_core_fabric__5 |       1586 |       1586 |       0 |    0 |   1653 |      0 |      0 |    0 |          0 |
|               u_core                       |                                                          sha256_core_iterative__5 |       1586 |       1586 |       0 |    0 |   1653 |      0 |      0 |    0 |          0 |
|           g_engines[5].u_engine            |                                                            bitcoin_hash_engine__6 |       2584 |       2584 |       0 |    0 |   3421 |      0 |      0 |    0 |          0 |
|             (g_engines[5].u_engine)        |                                                            bitcoin_hash_engine__6 |        995 |        995 |       0 |    0 |   1768 |      0 |      0 |    0 |          0 |
|             u_core                         |                                                             sha256_core_fabric__6 |       1592 |       1592 |       0 |    0 |   1653 |      0 |      0 |    0 |          0 |
|               u_core                       |                                                          sha256_core_iterative__6 |       1592 |       1592 |       0 |    0 |   1653 |      0 |      0 |    0 |          0 |
|           g_engines[6].u_engine            |                                                            bitcoin_hash_engine__7 |       2583 |       2583 |       0 |    0 |   3421 |      0 |      0 |    0 |          0 |
|             (g_engines[6].u_engine)        |                                                            bitcoin_hash_engine__7 |       1001 |       1001 |       0 |    0 |   1768 |      0 |      0 |    0 |          0 |
|             u_core                         |                                                             sha256_core_fabric__7 |       1585 |       1585 |       0 |    0 |   1653 |      0 |      0 |    0 |          0 |
|               u_core                       |                                                          sha256_core_iterative__7 |       1585 |       1585 |       0 |    0 |   1653 |      0 |      0 |    0 |          0 |
|           g_engines[7].u_engine            |                                                            bitcoin_hash_engine__8 |       2581 |       2581 |       0 |    0 |   3421 |      0 |      0 |    0 |          0 |
|             (g_engines[7].u_engine)        |                                                            bitcoin_hash_engine__8 |        990 |        990 |       0 |    0 |   1768 |      0 |      0 |    0 |          0 |
|             u_core                         |                                                             sha256_core_fabric__8 |       1592 |       1592 |       0 |    0 |   1653 |      0 |      0 |    0 |          0 |
|               u_core                       |                                                          sha256_core_iterative__8 |       1592 |       1592 |       0 |    0 |   1653 |      0 |      0 |    0 |          0 |
|           g_engines[8].u_engine            |                                                            bitcoin_hash_engine__9 |       2593 |       2593 |       0 |    0 |   3421 |      0 |      0 |    0 |          0 |
|             (g_engines[8].u_engine)        |                                                            bitcoin_hash_engine__9 |       1008 |       1008 |       0 |    0 |   1768 |      0 |      0 |    0 |          0 |
|             u_core                         |                                                             sha256_core_fabric__9 |       1588 |       1588 |       0 |    0 |   1653 |      0 |      0 |    0 |          0 |
|               u_core                       |                                                          sha256_core_iterative__9 |       1588 |       1588 |       0 |    0 |   1653 |      0 |      0 |    0 |          0 |
|           g_engines[9].u_engine            |                                                           bitcoin_hash_engine__10 |       2574 |       2574 |       0 |    0 |   3421 |      0 |      0 |    0 |          0 |
|             (g_engines[9].u_engine)        |                                                           bitcoin_hash_engine__10 |        990 |        990 |       0 |    0 |   1768 |      0 |      0 |    0 |          0 |
|             u_core                         |                                                            sha256_core_fabric__10 |       1586 |       1586 |       0 |    0 |   1653 |      0 |      0 |    0 |          0 |
|               u_core                       |                                                         sha256_core_iterative__10 |       1586 |       1586 |       0 |    0 |   1653 |      0 |      0 |    0 |          0 |
|     miner_1                                |                                                            miner_system_miner_1_0 |      87781 |      87781 |       0 |    0 | 123652 |      0 |      0 |    0 |          0 |
|       inst                                 |                                                              bitcoin_miner_axi_32 |      87781 |      87781 |       0 |    0 | 123652 |      0 |      0 |    0 |          0 |
|         u_miner                            |                                                                 bitcoin_miner_axi |      87781 |      87781 |       0 |    0 | 123652 |      0 |      0 |    0 |          0 |
|           (u_miner)                        |                                                                 bitcoin_miner_axi |        981 |        981 |       0 |    0 |   3271 |      0 |      0 |    0 |          0 |
|           g_clusters[0].u_result_fifo      |                                                       bitcoin_result_cluster_fifo |       4066 |       4066 |       0 |    0 |  10875 |      0 |      0 |    0 |          0 |
|           g_engines[0].u_engine            |                                                            bitcoin_hash_engine__1 |       2580 |       2580 |       0 |    0 |   3421 |      0 |      0 |    0 |          0 |
|             (g_engines[0].u_engine)        |                                                            bitcoin_hash_engine__1 |        984 |        984 |       0 |    0 |   1768 |      0 |      0 |    0 |          0 |
|             u_core                         |                                                             sha256_core_fabric__1 |       1596 |       1596 |       0 |    0 |   1653 |      0 |      0 |    0 |          0 |
|               u_core                       |                                                          sha256_core_iterative__1 |       1596 |       1596 |       0 |    0 |   1653 |      0 |      0 |    0 |          0 |
|           g_engines[10].u_engine           |                                                           bitcoin_hash_engine__11 |       2589 |       2589 |       0 |    0 |   3427 |      0 |      0 |    0 |          0 |
|             (g_engines[10].u_engine)       |                                                           bitcoin_hash_engine__11 |       1005 |       1005 |       0 |    0 |   1774 |      0 |      0 |    0 |          0 |
|             u_core                         |                                                            sha256_core_fabric__11 |       1589 |       1589 |       0 |    0 |   1653 |      0 |      0 |    0 |          0 |
|               u_core                       |                                                         sha256_core_iterative__11 |       1589 |       1589 |       0 |    0 |   1653 |      0 |      0 |    0 |          0 |
|           g_engines[11].u_engine           |                                                           bitcoin_hash_engine__12 |       2592 |       2592 |       0 |    0 |   3421 |      0 |      0 |    0 |          0 |
|             (g_engines[11].u_engine)       |                                                           bitcoin_hash_engine__12 |       1004 |       1004 |       0 |    0 |   1768 |      0 |      0 |    0 |          0 |
|             u_core                         |                                                            sha256_core_fabric__12 |       1590 |       1590 |       0 |    0 |   1653 |      0 |      0 |    0 |          0 |
|               u_core                       |                                                         sha256_core_iterative__12 |       1590 |       1590 |       0 |    0 |   1653 |      0 |      0 |    0 |          0 |
|           g_engines[12].u_engine           |                                                           bitcoin_hash_engine__13 |       2588 |       2588 |       0 |    0 |   3421 |      0 |      0 |    0 |          0 |
|             (g_engines[12].u_engine)       |                                                           bitcoin_hash_engine__13 |       1002 |       1002 |       0 |    0 |   1768 |      0 |      0 |    0 |          0 |
|             u_core                         |                                                            sha256_core_fabric__13 |       1589 |       1589 |       0 |    0 |   1653 |      0 |      0 |    0 |          0 |
|               u_core                       |                                                         sha256_core_iterative__13 |       1589 |       1589 |       0 |    0 |   1653 |      0 |      0 |    0 |          0 |
|           g_engines[13].u_engine           |                                                           bitcoin_hash_engine__14 |       2573 |       2573 |       0 |    0 |   3421 |      0 |      0 |    0 |          0 |
|             (g_engines[13].u_engine)       |                                                           bitcoin_hash_engine__14 |        991 |        991 |       0 |    0 |   1768 |      0 |      0 |    0 |          0 |
|             u_core                         |                                                            sha256_core_fabric__14 |       1591 |       1591 |       0 |    0 |   1653 |      0 |      0 |    0 |          0 |
|               u_core                       |                                                         sha256_core_iterative__14 |       1591 |       1591 |       0 |    0 |   1653 |      0 |      0 |    0 |          0 |
|           g_engines[14].u_engine           |                                                           bitcoin_hash_engine__15 |       2581 |       2581 |       0 |    0 |   3421 |      0 |      0 |    0 |          0 |
|             (g_engines[14].u_engine)       |                                                           bitcoin_hash_engine__15 |        997 |        997 |       0 |    0 |   1768 |      0 |      0 |    0 |          0 |
|             u_core                         |                                                            sha256_core_fabric__15 |       1586 |       1586 |       0 |    0 |   1653 |      0 |      0 |    0 |          0 |
|               u_core                       |                                                         sha256_core_iterative__15 |       1586 |       1586 |       0 |    0 |   1653 |      0 |      0 |    0 |          0 |
|           g_engines[15].u_engine           |                                                           bitcoin_hash_engine__16 |       2582 |       2582 |       0 |    0 |   3421 |      0 |      0 |    0 |          0 |
|             (g_engines[15].u_engine)       |                                                           bitcoin_hash_engine__16 |        999 |        999 |       0 |    0 |   1768 |      0 |      0 |    0 |          0 |
|             u_core                         |                                                            sha256_core_fabric__16 |       1588 |       1588 |       0 |    0 |   1653 |      0 |      0 |    0 |          0 |
|               u_core                       |                                                         sha256_core_iterative__16 |       1588 |       1588 |       0 |    0 |   1653 |      0 |      0 |    0 |          0 |
|           g_engines[16].u_engine           |                                                           bitcoin_hash_engine__17 |       2593 |       2593 |       0 |    0 |   3421 |      0 |      0 |    0 |          0 |
|             (g_engines[16].u_engine)       |                                                           bitcoin_hash_engine__17 |       1003 |       1003 |       0 |    0 |   1768 |      0 |      0 |    0 |          0 |
|             u_core                         |                                                            sha256_core_fabric__17 |       1592 |       1592 |       0 |    0 |   1653 |      0 |      0 |    0 |          0 |
|               u_core                       |                                                         sha256_core_iterative__17 |       1592 |       1592 |       0 |    0 |   1653 |      0 |      0 |    0 |          0 |
|           g_engines[17].u_engine           |                                                           bitcoin_hash_engine__18 |       2584 |       2584 |       0 |    0 |   3421 |      0 |      0 |    0 |          0 |
|             (g_engines[17].u_engine)       |                                                           bitcoin_hash_engine__18 |        997 |        997 |       0 |    0 |   1768 |      0 |      0 |    0 |          0 |
|             u_core                         |                                                            sha256_core_fabric__18 |       1590 |       1590 |       0 |    0 |   1653 |      0 |      0 |    0 |          0 |
|               u_core                       |                                                         sha256_core_iterative__18 |       1590 |       1590 |       0 |    0 |   1653 |      0 |      0 |    0 |          0 |
|           g_engines[18].u_engine           |                                                           bitcoin_hash_engine__19 |       2596 |       2596 |       0 |    0 |   3421 |      0 |      0 |    0 |          0 |
|             (g_engines[18].u_engine)       |                                                           bitcoin_hash_engine__19 |       1007 |       1007 |       0 |    0 |   1768 |      0 |      0 |    0 |          0 |
|             u_core                         |                                                            sha256_core_fabric__19 |       1589 |       1589 |       0 |    0 |   1653 |      0 |      0 |    0 |          0 |
|               u_core                       |                                                         sha256_core_iterative__19 |       1589 |       1589 |       0 |    0 |   1653 |      0 |      0 |    0 |          0 |
|           g_engines[19].u_engine           |                                                           bitcoin_hash_engine__20 |       2574 |       2574 |       0 |    0 |   3421 |      0 |      0 |    0 |          0 |
|             (g_engines[19].u_engine)       |                                                           bitcoin_hash_engine__20 |        991 |        991 |       0 |    0 |   1768 |      0 |      0 |    0 |          0 |
|             u_core                         |                                                            sha256_core_fabric__20 |       1592 |       1592 |       0 |    0 |   1653 |      0 |      0 |    0 |          0 |
|               u_core                       |                                                         sha256_core_iterative__20 |       1592 |       1592 |       0 |    0 |   1653 |      0 |      0 |    0 |          0 |
|           g_engines[1].u_engine            |                                                            bitcoin_hash_engine__2 |       2583 |       2583 |       0 |    0 |   3421 |      0 |      0 |    0 |          0 |
|             (g_engines[1].u_engine)        |                                                            bitcoin_hash_engine__2 |        997 |        997 |       0 |    0 |   1768 |      0 |      0 |    0 |          0 |
|             u_core                         |                                                             sha256_core_fabric__2 |       1588 |       1588 |       0 |    0 |   1653 |      0 |      0 |    0 |          0 |
|               u_core                       |                                                          sha256_core_iterative__2 |       1588 |       1588 |       0 |    0 |   1653 |      0 |      0 |    0 |          0 |
|           g_engines[20].u_engine           |                                                           bitcoin_hash_engine__21 |       2589 |       2589 |       0 |    0 |   3421 |      0 |      0 |    0 |          0 |
|             (g_engines[20].u_engine)       |                                                           bitcoin_hash_engine__21 |       1001 |       1001 |       0 |    0 |   1768 |      0 |      0 |    0 |          0 |
|             u_core                         |                                                            sha256_core_fabric__21 |       1590 |       1590 |       0 |    0 |   1653 |      0 |      0 |    0 |          0 |
|               u_core                       |                                                         sha256_core_iterative__21 |       1590 |       1590 |       0 |    0 |   1653 |      0 |      0 |    0 |          0 |
|           g_engines[21].u_engine           |                                                           bitcoin_hash_engine__22 |       2595 |       2595 |       0 |    0 |   3421 |      0 |      0 |    0 |          0 |
|             (g_engines[21].u_engine)       |                                                           bitcoin_hash_engine__22 |       1008 |       1008 |       0 |    0 |   1768 |      0 |      0 |    0 |          0 |
|             u_core                         |                                                            sha256_core_fabric__22 |       1589 |       1589 |       0 |    0 |   1653 |      0 |      0 |    0 |          0 |
|               u_core                       |                                                         sha256_core_iterative__22 |       1589 |       1589 |       0 |    0 |   1653 |      0 |      0 |    0 |          0 |
|           g_engines[22].u_engine           |                                                           bitcoin_hash_engine__23 |       2580 |       2580 |       0 |    0 |   3421 |      0 |      0 |    0 |          0 |
|             (g_engines[22].u_engine)       |                                                           bitcoin_hash_engine__23 |        991 |        991 |       0 |    0 |   1768 |      0 |      0 |    0 |          0 |
|             u_core                         |                                                            sha256_core_fabric__23 |       1592 |       1592 |       0 |    0 |   1653 |      0 |      0 |    0 |          0 |
|               u_core                       |                                                         sha256_core_iterative__23 |       1592 |       1592 |       0 |    0 |   1653 |      0 |      0 |    0 |          0 |
|           g_engines[23].u_engine           |                                                           bitcoin_hash_engine__24 |       2578 |       2578 |       0 |    0 |   3421 |      0 |      0 |    0 |          0 |
|             (g_engines[23].u_engine)       |                                                           bitcoin_hash_engine__24 |        996 |        996 |       0 |    0 |   1768 |      0 |      0 |    0 |          0 |
|             u_core                         |                                                            sha256_core_fabric__24 |       1589 |       1589 |       0 |    0 |   1653 |      0 |      0 |    0 |          0 |
|               u_core                       |                                                         sha256_core_iterative__24 |       1589 |       1589 |       0 |    0 |   1653 |      0 |      0 |    0 |          0 |
|           g_engines[24].u_engine           |                                                           bitcoin_hash_engine__25 |       2588 |       2588 |       0 |    0 |   3421 |      0 |      0 |    0 |          0 |
|             (g_engines[24].u_engine)       |                                                           bitcoin_hash_engine__25 |        999 |        999 |       0 |    0 |   1768 |      0 |      0 |    0 |          0 |
|             u_core                         |                                                            sha256_core_fabric__25 |       1591 |       1591 |       0 |    0 |   1653 |      0 |      0 |    0 |          0 |
|               u_core                       |                                                         sha256_core_iterative__25 |       1591 |       1591 |       0 |    0 |   1653 |      0 |      0 |    0 |          0 |
|           g_engines[25].u_engine           |                                                           bitcoin_hash_engine__26 |       2572 |       2572 |       0 |    0 |   3421 |      0 |      0 |    0 |          0 |
|             (g_engines[25].u_engine)       |                                                           bitcoin_hash_engine__26 |        980 |        980 |       0 |    0 |   1768 |      0 |      0 |    0 |          0 |
|             u_core                         |                                                            sha256_core_fabric__26 |       1593 |       1593 |       0 |    0 |   1653 |      0 |      0 |    0 |          0 |
|               u_core                       |                                                         sha256_core_iterative__26 |       1593 |       1593 |       0 |    0 |   1653 |      0 |      0 |    0 |          0 |
|           g_engines[26].u_engine           |                                                           bitcoin_hash_engine__27 |       2587 |       2587 |       0 |    0 |   3421 |      0 |      0 |    0 |          0 |
|             (g_engines[26].u_engine)       |                                                           bitcoin_hash_engine__27 |        992 |        992 |       0 |    0 |   1768 |      0 |      0 |    0 |          0 |
|             u_core                         |                                                            sha256_core_fabric__27 |       1596 |       1596 |       0 |    0 |   1653 |      0 |      0 |    0 |          0 |
|               u_core                       |                                                         sha256_core_iterative__27 |       1596 |       1596 |       0 |    0 |   1653 |      0 |      0 |    0 |          0 |
|           g_engines[27].u_engine           |                                                           bitcoin_hash_engine__28 |       2571 |       2571 |       0 |    0 |   3421 |      0 |      0 |    0 |          0 |
|             (g_engines[27].u_engine)       |                                                           bitcoin_hash_engine__28 |        980 |        980 |       0 |    0 |   1768 |      0 |      0 |    0 |          0 |
|             u_core                         |                                                            sha256_core_fabric__28 |       1591 |       1591 |       0 |    0 |   1653 |      0 |      0 |    0 |          0 |
|               u_core                       |                                                         sha256_core_iterative__28 |       1591 |       1591 |       0 |    0 |   1653 |      0 |      0 |    0 |          0 |
|           g_engines[28].u_engine           |                                                           bitcoin_hash_engine__29 |       2598 |       2598 |       0 |    0 |   3429 |      0 |      0 |    0 |          0 |
|             (g_engines[28].u_engine)       |                                                           bitcoin_hash_engine__29 |       1005 |       1005 |       0 |    0 |   1768 |      0 |      0 |    0 |          0 |
|             u_core                         |                                                            sha256_core_fabric__29 |       1597 |       1597 |       0 |    0 |   1661 |      0 |      0 |    0 |          0 |
|               u_core                       |                                                         sha256_core_iterative__29 |       1597 |       1597 |       0 |    0 |   1661 |      0 |      0 |    0 |          0 |
|           g_engines[29].u_engine           |                                                           bitcoin_hash_engine__30 |       2602 |       2602 |       0 |    0 |   3430 |      0 |      0 |    0 |          0 |
|             (g_engines[29].u_engine)       |                                                           bitcoin_hash_engine__30 |       1007 |       1007 |       0 |    0 |   1768 |      0 |      0 |    0 |          0 |
|             u_core                         |                                                            sha256_core_fabric__30 |       1595 |       1595 |       0 |    0 |   1662 |      0 |      0 |    0 |          0 |
|               u_core                       |                                                         sha256_core_iterative__30 |       1595 |       1595 |       0 |    0 |   1662 |      0 |      0 |    0 |          0 |
|           g_engines[2].u_engine            |                                                            bitcoin_hash_engine__3 |       2602 |       2602 |       0 |    0 |   3421 |      0 |      0 |    0 |          0 |
|             (g_engines[2].u_engine)        |                                                            bitcoin_hash_engine__3 |       1011 |       1011 |       0 |    0 |   1768 |      0 |      0 |    0 |          0 |
|             u_core                         |                                                             sha256_core_fabric__3 |       1591 |       1591 |       0 |    0 |   1653 |      0 |      0 |    0 |          0 |
|               u_core                       |                                                          sha256_core_iterative__3 |       1591 |       1591 |       0 |    0 |   1653 |      0 |      0 |    0 |          0 |
|           g_engines[30].u_engine           |                                                           bitcoin_hash_engine__31 |       2588 |       2588 |       0 |    0 |   3421 |      0 |      0 |    0 |          0 |
|             (g_engines[30].u_engine)       |                                                           bitcoin_hash_engine__31 |       1005 |       1005 |       0 |    0 |   1768 |      0 |      0 |    0 |          0 |
|             u_core                         |                                                            sha256_core_fabric__31 |       1589 |       1589 |       0 |    0 |   1653 |      0 |      0 |    0 |          0 |
|               u_core                       |                                                         sha256_core_iterative__31 |       1589 |       1589 |       0 |    0 |   1653 |      0 |      0 |    0 |          0 |
|           g_engines[31].u_engine           |                                                               bitcoin_hash_engine |       2602 |       2602 |       0 |    0 |   3432 |      0 |      0 |    0 |          0 |
|             (g_engines[31].u_engine)       |                                                               bitcoin_hash_engine |       1006 |       1006 |       0 |    0 |   1768 |      0 |      0 |    0 |          0 |
|             u_core                         |                                                                sha256_core_fabric |       1596 |       1596 |       0 |    0 |   1664 |      0 |      0 |    0 |          0 |
|               u_core                       |                                                             sha256_core_iterative |       1596 |       1596 |       0 |    0 |   1664 |      0 |      0 |    0 |          0 |
|           g_engines[3].u_engine            |                                                            bitcoin_hash_engine__4 |       2593 |       2593 |       0 |    0 |   3421 |      0 |      0 |    0 |          0 |
|             (g_engines[3].u_engine)        |                                                            bitcoin_hash_engine__4 |       1005 |       1005 |       0 |    0 |   1768 |      0 |      0 |    0 |          0 |
|             u_core                         |                                                             sha256_core_fabric__4 |       1590 |       1590 |       0 |    0 |   1653 |      0 |      0 |    0 |          0 |
|               u_core                       |                                                          sha256_core_iterative__4 |       1590 |       1590 |       0 |    0 |   1653 |      0 |      0 |    0 |          0 |
|           g_engines[4].u_engine            |                                                            bitcoin_hash_engine__5 |       2583 |       2583 |       0 |    0 |   3421 |      0 |      0 |    0 |          0 |
|             (g_engines[4].u_engine)        |                                                            bitcoin_hash_engine__5 |        993 |        993 |       0 |    0 |   1768 |      0 |      0 |    0 |          0 |
|             u_core                         |                                                             sha256_core_fabric__5 |       1591 |       1591 |       0 |    0 |   1653 |      0 |      0 |    0 |          0 |
|               u_core                       |                                                          sha256_core_iterative__5 |       1591 |       1591 |       0 |    0 |   1653 |      0 |      0 |    0 |          0 |
|           g_engines[5].u_engine            |                                                            bitcoin_hash_engine__6 |       2587 |       2587 |       0 |    0 |   3421 |      0 |      0 |    0 |          0 |
|             (g_engines[5].u_engine)        |                                                            bitcoin_hash_engine__6 |        997 |        997 |       0 |    0 |   1768 |      0 |      0 |    0 |          0 |
|             u_core                         |                                                             sha256_core_fabric__6 |       1591 |       1591 |       0 |    0 |   1653 |      0 |      0 |    0 |          0 |
|               u_core                       |                                                          sha256_core_iterative__6 |       1591 |       1591 |       0 |    0 |   1653 |      0 |      0 |    0 |          0 |
|           g_engines[6].u_engine            |                                                            bitcoin_hash_engine__7 |       2587 |       2587 |       0 |    0 |   3421 |      0 |      0 |    0 |          0 |
|             (g_engines[6].u_engine)        |                                                            bitcoin_hash_engine__7 |       1001 |       1001 |       0 |    0 |   1768 |      0 |      0 |    0 |          0 |
|             u_core                         |                                                             sha256_core_fabric__7 |       1588 |       1588 |       0 |    0 |   1653 |      0 |      0 |    0 |          0 |
|               u_core                       |                                                          sha256_core_iterative__7 |       1588 |       1588 |       0 |    0 |   1653 |      0 |      0 |    0 |          0 |
|           g_engines[7].u_engine            |                                                            bitcoin_hash_engine__8 |       2580 |       2580 |       0 |    0 |   3421 |      0 |      0 |    0 |          0 |
|             (g_engines[7].u_engine)        |                                                            bitcoin_hash_engine__8 |        995 |        995 |       0 |    0 |   1768 |      0 |      0 |    0 |          0 |
|             u_core                         |                                                             sha256_core_fabric__8 |       1593 |       1593 |       0 |    0 |   1653 |      0 |      0 |    0 |          0 |
|               u_core                       |                                                          sha256_core_iterative__8 |       1593 |       1593 |       0 |    0 |   1653 |      0 |      0 |    0 |          0 |
|           g_engines[8].u_engine            |                                                            bitcoin_hash_engine__9 |       2585 |       2585 |       0 |    0 |   3421 |      0 |      0 |    0 |          0 |
|             (g_engines[8].u_engine)        |                                                            bitcoin_hash_engine__9 |        996 |        996 |       0 |    0 |   1768 |      0 |      0 |    0 |          0 |
|             u_core                         |                                                             sha256_core_fabric__9 |       1591 |       1591 |       0 |    0 |   1653 |      0 |      0 |    0 |          0 |
|               u_core                       |                                                          sha256_core_iterative__9 |       1591 |       1591 |       0 |    0 |   1653 |      0 |      0 |    0 |          0 |
|           g_engines[9].u_engine            |                                                           bitcoin_hash_engine__10 |       2593 |       2593 |       0 |    0 |   3421 |      0 |      0 |    0 |          0 |
|             (g_engines[9].u_engine)        |                                                           bitcoin_hash_engine__10 |       1001 |       1001 |       0 |    0 |   1768 |      0 |      0 |    0 |          0 |
|             u_core                         |                                                            sha256_core_fabric__10 |       1593 |       1593 |       0 |    0 |   1653 |      0 |      0 |    0 |          0 |
|               u_core                       |                                                         sha256_core_iterative__10 |       1593 |       1593 |       0 |    0 |   1653 |      0 |      0 |    0 |          0 |
|     miner_2                                |                                                            miner_system_miner_2_0 |      87729 |      87729 |       0 |    0 | 123653 |      0 |      0 |    0 |          0 |
|       inst                                 |                                                              bitcoin_miner_axi_32 |      87729 |      87729 |       0 |    0 | 123653 |      0 |      0 |    0 |          0 |
|         u_miner                            |                                                                 bitcoin_miner_axi |      87729 |      87729 |       0 |    0 | 123653 |      0 |      0 |    0 |          0 |
|           (u_miner)                        |                                                                 bitcoin_miner_axi |        989 |        989 |       0 |    0 |   3299 |      0 |      0 |    0 |          0 |
|           g_clusters[0].u_result_fifo      |                                                       bitcoin_result_cluster_fifo |       4010 |       4010 |       0 |    0 |  10874 |      0 |      0 |    0 |          0 |
|           g_engines[0].u_engine            |                                                            bitcoin_hash_engine__1 |       2590 |       2590 |       0 |    0 |   3421 |      0 |      0 |    0 |          0 |
|             (g_engines[0].u_engine)        |                                                            bitcoin_hash_engine__1 |       1005 |       1005 |       0 |    0 |   1768 |      0 |      0 |    0 |          0 |
|             u_core                         |                                                             sha256_core_fabric__1 |       1590 |       1590 |       0 |    0 |   1653 |      0 |      0 |    0 |          0 |
|               u_core                       |                                                          sha256_core_iterative__1 |       1590 |       1590 |       0 |    0 |   1653 |      0 |      0 |    0 |          0 |
|           g_engines[10].u_engine           |                                                           bitcoin_hash_engine__11 |       2582 |       2582 |       0 |    0 |   3421 |      0 |      0 |    0 |          0 |
|             (g_engines[10].u_engine)       |                                                           bitcoin_hash_engine__11 |        990 |        990 |       0 |    0 |   1768 |      0 |      0 |    0 |          0 |
|             u_core                         |                                                            sha256_core_fabric__11 |       1595 |       1595 |       0 |    0 |   1653 |      0 |      0 |    0 |          0 |
|               u_core                       |                                                         sha256_core_iterative__11 |       1595 |       1595 |       0 |    0 |   1653 |      0 |      0 |    0 |          0 |
|           g_engines[11].u_engine           |                                                           bitcoin_hash_engine__12 |       2576 |       2576 |       0 |    0 |   3421 |      0 |      0 |    0 |          0 |
|             (g_engines[11].u_engine)       |                                                           bitcoin_hash_engine__12 |        992 |        992 |       0 |    0 |   1768 |      0 |      0 |    0 |          0 |
|             u_core                         |                                                            sha256_core_fabric__12 |       1584 |       1584 |       0 |    0 |   1653 |      0 |      0 |    0 |          0 |
|               u_core                       |                                                         sha256_core_iterative__12 |       1584 |       1584 |       0 |    0 |   1653 |      0 |      0 |    0 |          0 |
|           g_engines[12].u_engine           |                                                           bitcoin_hash_engine__13 |       2583 |       2583 |       0 |    0 |   3421 |      0 |      0 |    0 |          0 |
|             (g_engines[12].u_engine)       |                                                           bitcoin_hash_engine__13 |        999 |        999 |       0 |    0 |   1768 |      0 |      0 |    0 |          0 |
|             u_core                         |                                                            sha256_core_fabric__13 |       1589 |       1589 |       0 |    0 |   1653 |      0 |      0 |    0 |          0 |
|               u_core                       |                                                         sha256_core_iterative__13 |       1589 |       1589 |       0 |    0 |   1653 |      0 |      0 |    0 |          0 |
|           g_engines[13].u_engine           |                                                           bitcoin_hash_engine__14 |       2589 |       2589 |       0 |    0 |   3429 |      0 |      0 |    0 |          0 |
|             (g_engines[13].u_engine)       |                                                           bitcoin_hash_engine__14 |       1001 |       1001 |       0 |    0 |   1776 |      0 |      0 |    0 |          0 |
|             u_core                         |                                                            sha256_core_fabric__14 |       1591 |       1591 |       0 |    0 |   1653 |      0 |      0 |    0 |          0 |
|               u_core                       |                                                         sha256_core_iterative__14 |       1591 |       1591 |       0 |    0 |   1653 |      0 |      0 |    0 |          0 |
|           g_engines[14].u_engine           |                                                           bitcoin_hash_engine__15 |       2594 |       2594 |       0 |    0 |   3421 |      0 |      0 |    0 |          0 |
|             (g_engines[14].u_engine)       |                                                           bitcoin_hash_engine__15 |       1006 |       1006 |       0 |    0 |   1768 |      0 |      0 |    0 |          0 |
|             u_core                         |                                                            sha256_core_fabric__15 |       1589 |       1589 |       0 |    0 |   1653 |      0 |      0 |    0 |          0 |
|               u_core                       |                                                         sha256_core_iterative__15 |       1589 |       1589 |       0 |    0 |   1653 |      0 |      0 |    0 |          0 |
|           g_engines[15].u_engine           |                                                           bitcoin_hash_engine__16 |       2585 |       2585 |       0 |    0 |   3421 |      0 |      0 |    0 |          0 |
|             (g_engines[15].u_engine)       |                                                           bitcoin_hash_engine__16 |        992 |        992 |       0 |    0 |   1768 |      0 |      0 |    0 |          0 |
|             u_core                         |                                                            sha256_core_fabric__16 |       1593 |       1593 |       0 |    0 |   1653 |      0 |      0 |    0 |          0 |
|               u_core                       |                                                         sha256_core_iterative__16 |       1593 |       1593 |       0 |    0 |   1653 |      0 |      0 |    0 |          0 |
|           g_engines[16].u_engine           |                                                           bitcoin_hash_engine__17 |       2580 |       2580 |       0 |    0 |   3421 |      0 |      0 |    0 |          0 |
|             (g_engines[16].u_engine)       |                                                           bitcoin_hash_engine__17 |        990 |        990 |       0 |    0 |   1768 |      0 |      0 |    0 |          0 |
|             u_core                         |                                                            sha256_core_fabric__17 |       1592 |       1592 |       0 |    0 |   1653 |      0 |      0 |    0 |          0 |
|               u_core                       |                                                         sha256_core_iterative__17 |       1592 |       1592 |       0 |    0 |   1653 |      0 |      0 |    0 |          0 |
|           g_engines[17].u_engine           |                                                           bitcoin_hash_engine__18 |       2593 |       2593 |       0 |    0 |   3421 |      0 |      0 |    0 |          0 |
|             (g_engines[17].u_engine)       |                                                           bitcoin_hash_engine__18 |       1005 |       1005 |       0 |    0 |   1768 |      0 |      0 |    0 |          0 |
|             u_core                         |                                                            sha256_core_fabric__18 |       1589 |       1589 |       0 |    0 |   1653 |      0 |      0 |    0 |          0 |
|               u_core                       |                                                         sha256_core_iterative__18 |       1589 |       1589 |       0 |    0 |   1653 |      0 |      0 |    0 |          0 |
|           g_engines[18].u_engine           |                                                           bitcoin_hash_engine__19 |       2591 |       2591 |       0 |    0 |   3421 |      0 |      0 |    0 |          0 |
|             (g_engines[18].u_engine)       |                                                           bitcoin_hash_engine__19 |       1004 |       1004 |       0 |    0 |   1768 |      0 |      0 |    0 |          0 |
|             u_core                         |                                                            sha256_core_fabric__19 |       1589 |       1589 |       0 |    0 |   1653 |      0 |      0 |    0 |          0 |
|               u_core                       |                                                         sha256_core_iterative__19 |       1589 |       1589 |       0 |    0 |   1653 |      0 |      0 |    0 |          0 |
|           g_engines[19].u_engine           |                                                           bitcoin_hash_engine__20 |       2596 |       2596 |       0 |    0 |   3421 |      0 |      0 |    0 |          0 |
|             (g_engines[19].u_engine)       |                                                           bitcoin_hash_engine__20 |       1005 |       1005 |       0 |    0 |   1768 |      0 |      0 |    0 |          0 |
|             u_core                         |                                                            sha256_core_fabric__20 |       1592 |       1592 |       0 |    0 |   1653 |      0 |      0 |    0 |          0 |
|               u_core                       |                                                         sha256_core_iterative__20 |       1592 |       1592 |       0 |    0 |   1653 |      0 |      0 |    0 |          0 |
|           g_engines[1].u_engine            |                                                            bitcoin_hash_engine__2 |       2595 |       2595 |       0 |    0 |   3421 |      0 |      0 |    0 |          0 |
|             (g_engines[1].u_engine)        |                                                            bitcoin_hash_engine__2 |       1005 |       1005 |       0 |    0 |   1768 |      0 |      0 |    0 |          0 |
|             u_core                         |                                                             sha256_core_fabric__2 |       1592 |       1592 |       0 |    0 |   1653 |      0 |      0 |    0 |          0 |
|               u_core                       |                                                          sha256_core_iterative__2 |       1592 |       1592 |       0 |    0 |   1653 |      0 |      0 |    0 |          0 |
|           g_engines[20].u_engine           |                                                           bitcoin_hash_engine__21 |       2575 |       2575 |       0 |    0 |   3421 |      0 |      0 |    0 |          0 |
|             (g_engines[20].u_engine)       |                                                           bitcoin_hash_engine__21 |        987 |        987 |       0 |    0 |   1768 |      0 |      0 |    0 |          0 |
|             u_core                         |                                                            sha256_core_fabric__21 |       1592 |       1592 |       0 |    0 |   1653 |      0 |      0 |    0 |          0 |
|               u_core                       |                                                         sha256_core_iterative__21 |       1592 |       1592 |       0 |    0 |   1653 |      0 |      0 |    0 |          0 |
|           g_engines[21].u_engine           |                                                           bitcoin_hash_engine__22 |       2590 |       2590 |       0 |    0 |   3421 |      0 |      0 |    0 |          0 |
|             (g_engines[21].u_engine)       |                                                           bitcoin_hash_engine__22 |       1003 |       1003 |       0 |    0 |   1768 |      0 |      0 |    0 |          0 |
|             u_core                         |                                                            sha256_core_fabric__22 |       1590 |       1590 |       0 |    0 |   1653 |      0 |      0 |    0 |          0 |
|               u_core                       |                                                         sha256_core_iterative__22 |       1590 |       1590 |       0 |    0 |   1653 |      0 |      0 |    0 |          0 |
|           g_engines[22].u_engine           |                                                           bitcoin_hash_engine__23 |       2586 |       2586 |       0 |    0 |   3421 |      0 |      0 |    0 |          0 |
|             (g_engines[22].u_engine)       |                                                           bitcoin_hash_engine__23 |        994 |        994 |       0 |    0 |   1768 |      0 |      0 |    0 |          0 |
|             u_core                         |                                                            sha256_core_fabric__23 |       1594 |       1594 |       0 |    0 |   1653 |      0 |      0 |    0 |          0 |
|               u_core                       |                                                         sha256_core_iterative__23 |       1594 |       1594 |       0 |    0 |   1653 |      0 |      0 |    0 |          0 |
|           g_engines[23].u_engine           |                                                           bitcoin_hash_engine__24 |       2591 |       2591 |       0 |    0 |   3421 |      0 |      0 |    0 |          0 |
|             (g_engines[23].u_engine)       |                                                           bitcoin_hash_engine__24 |       1007 |       1007 |       0 |    0 |   1768 |      0 |      0 |    0 |          0 |
|             u_core                         |                                                            sha256_core_fabric__24 |       1591 |       1591 |       0 |    0 |   1653 |      0 |      0 |    0 |          0 |
|               u_core                       |                                                         sha256_core_iterative__24 |       1591 |       1591 |       0 |    0 |   1653 |      0 |      0 |    0 |          0 |
|           g_engines[24].u_engine           |                                                           bitcoin_hash_engine__25 |       2584 |       2584 |       0 |    0 |   3421 |      0 |      0 |    0 |          0 |
|             (g_engines[24].u_engine)       |                                                           bitcoin_hash_engine__25 |        999 |        999 |       0 |    0 |   1768 |      0 |      0 |    0 |          0 |
|             u_core                         |                                                            sha256_core_fabric__25 |       1587 |       1587 |       0 |    0 |   1653 |      0 |      0 |    0 |          0 |
|               u_core                       |                                                         sha256_core_iterative__25 |       1587 |       1587 |       0 |    0 |   1653 |      0 |      0 |    0 |          0 |
|           g_engines[25].u_engine           |                                                           bitcoin_hash_engine__26 |       2594 |       2594 |       0 |    0 |   3421 |      0 |      0 |    0 |          0 |
|             (g_engines[25].u_engine)       |                                                           bitcoin_hash_engine__26 |       1005 |       1005 |       0 |    0 |   1768 |      0 |      0 |    0 |          0 |
|             u_core                         |                                                            sha256_core_fabric__26 |       1594 |       1594 |       0 |    0 |   1653 |      0 |      0 |    0 |          0 |
|               u_core                       |                                                         sha256_core_iterative__26 |       1594 |       1594 |       0 |    0 |   1653 |      0 |      0 |    0 |          0 |
|           g_engines[26].u_engine           |                                                           bitcoin_hash_engine__27 |       2584 |       2584 |       0 |    0 |   3421 |      0 |      0 |    0 |          0 |
|             (g_engines[26].u_engine)       |                                                           bitcoin_hash_engine__27 |        996 |        996 |       0 |    0 |   1768 |      0 |      0 |    0 |          0 |
|             u_core                         |                                                            sha256_core_fabric__27 |       1589 |       1589 |       0 |    0 |   1653 |      0 |      0 |    0 |          0 |
|               u_core                       |                                                         sha256_core_iterative__27 |       1589 |       1589 |       0 |    0 |   1653 |      0 |      0 |    0 |          0 |
|           g_engines[27].u_engine           |                                                           bitcoin_hash_engine__28 |       2579 |       2579 |       0 |    0 |   3421 |      0 |      0 |    0 |          0 |
|             (g_engines[27].u_engine)       |                                                           bitcoin_hash_engine__28 |        992 |        992 |       0 |    0 |   1768 |      0 |      0 |    0 |          0 |
|             u_core                         |                                                            sha256_core_fabric__28 |       1590 |       1590 |       0 |    0 |   1653 |      0 |      0 |    0 |          0 |
|               u_core                       |                                                         sha256_core_iterative__28 |       1590 |       1590 |       0 |    0 |   1653 |      0 |      0 |    0 |          0 |
|           g_engines[28].u_engine           |                                                           bitcoin_hash_engine__29 |       2565 |       2565 |       0 |    0 |   3421 |      0 |      0 |    0 |          0 |
|             (g_engines[28].u_engine)       |                                                           bitcoin_hash_engine__29 |        977 |        977 |       0 |    0 |   1768 |      0 |      0 |    0 |          0 |
|             u_core                         |                                                            sha256_core_fabric__29 |       1589 |       1589 |       0 |    0 |   1653 |      0 |      0 |    0 |          0 |
|               u_core                       |                                                         sha256_core_iterative__29 |       1589 |       1589 |       0 |    0 |   1653 |      0 |      0 |    0 |          0 |
|           g_engines[29].u_engine           |                                                           bitcoin_hash_engine__30 |       2580 |       2580 |       0 |    0 |   3421 |      0 |      0 |    0 |          0 |
|             (g_engines[29].u_engine)       |                                                           bitcoin_hash_engine__30 |        991 |        991 |       0 |    0 |   1768 |      0 |      0 |    0 |          0 |
|             u_core                         |                                                            sha256_core_fabric__30 |       1591 |       1591 |       0 |    0 |   1653 |      0 |      0 |    0 |          0 |
|               u_core                       |                                                         sha256_core_iterative__30 |       1591 |       1591 |       0 |    0 |   1653 |      0 |      0 |    0 |          0 |
|           g_engines[2].u_engine            |                                                            bitcoin_hash_engine__3 |       2588 |       2588 |       0 |    0 |   3421 |      0 |      0 |    0 |          0 |
|             (g_engines[2].u_engine)        |                                                            bitcoin_hash_engine__3 |        998 |        998 |       0 |    0 |   1768 |      0 |      0 |    0 |          0 |
|             u_core                         |                                                             sha256_core_fabric__3 |       1590 |       1590 |       0 |    0 |   1653 |      0 |      0 |    0 |          0 |
|               u_core                       |                                                          sha256_core_iterative__3 |       1590 |       1590 |       0 |    0 |   1653 |      0 |      0 |    0 |          0 |
|           g_engines[30].u_engine           |                                                           bitcoin_hash_engine__31 |       2585 |       2585 |       0 |    0 |   3421 |      0 |      0 |    0 |          0 |
|             (g_engines[30].u_engine)       |                                                           bitcoin_hash_engine__31 |        995 |        995 |       0 |    0 |   1768 |      0 |      0 |    0 |          0 |
|             u_core                         |                                                            sha256_core_fabric__31 |       1590 |       1590 |       0 |    0 |   1653 |      0 |      0 |    0 |          0 |
|               u_core                       |                                                         sha256_core_iterative__31 |       1590 |       1590 |       0 |    0 |   1653 |      0 |      0 |    0 |          0 |
|           g_engines[31].u_engine           |                                                               bitcoin_hash_engine |       2579 |       2579 |       0 |    0 |   3421 |      0 |      0 |    0 |          0 |
|             (g_engines[31].u_engine)       |                                                               bitcoin_hash_engine |        992 |        992 |       0 |    0 |   1768 |      0 |      0 |    0 |          0 |
|             u_core                         |                                                                sha256_core_fabric |       1591 |       1591 |       0 |    0 |   1653 |      0 |      0 |    0 |          0 |
|               u_core                       |                                                             sha256_core_iterative |       1591 |       1591 |       0 |    0 |   1653 |      0 |      0 |    0 |          0 |
|           g_engines[3].u_engine            |                                                            bitcoin_hash_engine__4 |       2590 |       2590 |       0 |    0 |   3421 |      0 |      0 |    0 |          0 |
|             (g_engines[3].u_engine)        |                                                            bitcoin_hash_engine__4 |       1004 |       1004 |       0 |    0 |   1768 |      0 |      0 |    0 |          0 |
|             u_core                         |                                                             sha256_core_fabric__4 |       1591 |       1591 |       0 |    0 |   1653 |      0 |      0 |    0 |          0 |
|               u_core                       |                                                          sha256_core_iterative__4 |       1591 |       1591 |       0 |    0 |   1653 |      0 |      0 |    0 |          0 |
|           g_engines[4].u_engine            |                                                            bitcoin_hash_engine__5 |       2584 |       2584 |       0 |    0 |   3421 |      0 |      0 |    0 |          0 |
|             (g_engines[4].u_engine)        |                                                            bitcoin_hash_engine__5 |        994 |        994 |       0 |    0 |   1768 |      0 |      0 |    0 |          0 |
|             u_core                         |                                                             sha256_core_fabric__5 |       1590 |       1590 |       0 |    0 |   1653 |      0 |      0 |    0 |          0 |
|               u_core                       |                                                          sha256_core_iterative__5 |       1590 |       1590 |       0 |    0 |   1653 |      0 |      0 |    0 |          0 |
|           g_engines[5].u_engine            |                                                            bitcoin_hash_engine__6 |       2594 |       2594 |       0 |    0 |   3421 |      0 |      0 |    0 |          0 |
|             (g_engines[5].u_engine)        |                                                            bitcoin_hash_engine__6 |       1002 |       1002 |       0 |    0 |   1768 |      0 |      0 |    0 |          0 |
|             u_core                         |                                                             sha256_core_fabric__6 |       1593 |       1593 |       0 |    0 |   1653 |      0 |      0 |    0 |          0 |
|               u_core                       |                                                          sha256_core_iterative__6 |       1593 |       1593 |       0 |    0 |   1653 |      0 |      0 |    0 |          0 |
|           g_engines[6].u_engine            |                                                            bitcoin_hash_engine__7 |       2579 |       2579 |       0 |    0 |   3421 |      0 |      0 |    0 |          0 |
|             (g_engines[6].u_engine)        |                                                            bitcoin_hash_engine__7 |        993 |        993 |       0 |    0 |   1768 |      0 |      0 |    0 |          0 |
|             u_core                         |                                                             sha256_core_fabric__7 |       1587 |       1587 |       0 |    0 |   1653 |      0 |      0 |    0 |          0 |
|               u_core                       |                                                          sha256_core_iterative__7 |       1587 |       1587 |       0 |    0 |   1653 |      0 |      0 |    0 |          0 |
|           g_engines[7].u_engine            |                                                            bitcoin_hash_engine__8 |       2596 |       2596 |       0 |    0 |   3421 |      0 |      0 |    0 |          0 |
|             (g_engines[7].u_engine)        |                                                            bitcoin_hash_engine__8 |       1006 |       1006 |       0 |    0 |   1768 |      0 |      0 |    0 |          0 |
|             u_core                         |                                                             sha256_core_fabric__8 |       1592 |       1592 |       0 |    0 |   1653 |      0 |      0 |    0 |          0 |
|               u_core                       |                                                          sha256_core_iterative__8 |       1592 |       1592 |       0 |    0 |   1653 |      0 |      0 |    0 |          0 |
|           g_engines[8].u_engine            |                                                            bitcoin_hash_engine__9 |       2599 |       2599 |       0 |    0 |   3421 |      0 |      0 |    0 |          0 |
|             (g_engines[8].u_engine)        |                                                            bitcoin_hash_engine__9 |       1006 |       1006 |       0 |    0 |   1768 |      0 |      0 |    0 |          0 |
|             u_core                         |                                                             sha256_core_fabric__9 |       1593 |       1593 |       0 |    0 |   1653 |      0 |      0 |    0 |          0 |
|               u_core                       |                                                          sha256_core_iterative__9 |       1593 |       1593 |       0 |    0 |   1653 |      0 |      0 |    0 |          0 |
|           g_engines[9].u_engine            |                                                           bitcoin_hash_engine__10 |       2597 |       2597 |       0 |    0 |   3421 |      0 |      0 |    0 |          0 |
|             (g_engines[9].u_engine)        |                                                           bitcoin_hash_engine__10 |       1012 |       1012 |       0 |    0 |   1768 |      0 |      0 |    0 |          0 |
|             u_core                         |                                                            sha256_core_fabric__10 |       1590 |       1590 |       0 |    0 |   1653 |      0 |      0 |    0 |          0 |
|               u_core                       |                                                         sha256_core_iterative__10 |       1590 |       1590 |       0 |    0 |   1653 |      0 |      0 |    0 |          0 |
+--------------------------------------------+-----------------------------------------------------------------------------------+------------+------------+---------+------+--------+--------+--------+------+------------+
* Note: The sum of lower-level cells may be larger than their parent cells total, due to cross-hierarchy LUT combining


