Copyright 1986-2022 Xilinx, Inc. All Rights Reserved. Copyright 2022-2026 Advanced Micro Devices, Inc. All Rights Reserved.
---------------------------------------------------------------------------------------------------------------------------------------------
| Tool Version : Vivado v.2026.1 (lin64) Build 6511674 Tue Jun 16 11:01:26 MDT 2026
| Date         : Sat Aug  8 20:25:43 2026
| Host         : YouBing running 64-bit Ubuntu 24.04.4 LTS
| Command      : report_utilization -file /raid/work/vek280_bitcoin_miner/reports/impl_vek280_noddr/utilization_impl.rpt -hierarchical
| Design       : miner_system_wrapper
| Device       : xcve2802-vsvh1760-2MP-e-S
| Speed File   : -2MP
| Design State : Routed
---------------------------------------------------------------------------------------------------------------------------------------------

Utilization Design Information

Table of Contents
-----------------
1. Utilization by Hierarchy

1. Utilization by Hierarchy
---------------------------

+--------------------------------------------+----------------------------------------------------------------------+------------+------------+---------+------+--------+--------+--------+------+------------+
|                  Instance                  |                                Module                                | Total LUTs | Logic LUTs | LUTRAMs | SRLs |   FFs  | RAMB36 | RAMB18 | URAM | DSP Blocks |
+--------------------------------------------+----------------------------------------------------------------------+------------+------------+---------+------+--------+--------+--------+------+------------+
| miner_system_wrapper                       |                                                                (top) |     378651 |     378650 |       0 |    1 | 448876 |      0 |      0 |    0 |          0 |
|   miner_system_i                           |                                                         miner_system |     378651 |     378650 |       0 |    1 | 448876 |      0 |      0 |    0 |          0 |
|     miner_0                                |                                               miner_system_miner_0_0 |     378054 |     378054 |       0 |    0 | 448102 |      0 |      0 |    0 |          0 |
|       inst                                 |                             miner_system_miner_0_0_bitcoin_miner_axi |     378054 |     378054 |       0 |    0 | 448102 |      0 |      0 |    0 |          0 |
|         (inst)                             |                             miner_system_miner_0_0_bitcoin_miner_axi |      11265 |      11265 |       0 |    0 |   8172 |      0 |      0 |    0 |          0 |
|         g_clusters[0].u_result_fifo        |                   miner_system_miner_0_0_bitcoin_result_cluster_fifo |        164 |        164 |       0 |    0 |    593 |      0 |      0 |    0 |          0 |
|         g_clusters[1].u_result_fifo        |   miner_system_miner_0_0_bitcoin_result_cluster_fifo__parameterized0 |        458 |        458 |       0 |    0 |    595 |      0 |      0 |    0 |          0 |
|         g_clusters[2].u_result_fifo        |   miner_system_miner_0_0_bitcoin_result_cluster_fifo__parameterized1 |        157 |        157 |       0 |    0 |    595 |      0 |      0 |    0 |          0 |
|         g_clusters[3].u_result_fifo        |   miner_system_miner_0_0_bitcoin_result_cluster_fifo__parameterized2 |        158 |        158 |       0 |    0 |    597 |      0 |      0 |    0 |          0 |
|         g_engines[0].u_engine              |                           miner_system_miner_0_0_bitcoin_hash_engine |       2747 |       2747 |       0 |    0 |   3406 |      0 |      0 |    0 |          0 |
|           (g_engines[0].u_engine)          |                           miner_system_miner_0_0_bitcoin_hash_engine |       1227 |       1227 |       0 |    0 |   1757 |      0 |      0 |    0 |          0 |
|           u_core                           |                        miner_system_miner_0_0_sha256_core_fabric_379 |       1525 |       1525 |       0 |    0 |   1649 |      0 |      0 |    0 |          0 |
|             u_core                         |                     miner_system_miner_0_0_sha256_core_iterative_380 |       1525 |       1525 |       0 |    0 |   1649 |      0 |      0 |    0 |          0 |
|         g_engines[100].u_engine            |                         miner_system_miner_0_0_bitcoin_hash_engine_0 |       2779 |       2779 |       0 |    0 |   3415 |      0 |      0 |    0 |          0 |
|           (g_engines[100].u_engine)        |                         miner_system_miner_0_0_bitcoin_hash_engine_0 |       1253 |       1253 |       0 |    0 |   1766 |      0 |      0 |    0 |          0 |
|           u_core                           |                        miner_system_miner_0_0_sha256_core_fabric_377 |       1529 |       1529 |       0 |    0 |   1649 |      0 |      0 |    0 |          0 |
|             u_core                         |                     miner_system_miner_0_0_sha256_core_iterative_378 |       1529 |       1529 |       0 |    0 |   1649 |      0 |      0 |    0 |          0 |
|         g_engines[101].u_engine            |                         miner_system_miner_0_0_bitcoin_hash_engine_1 |       2774 |       2774 |       0 |    0 |   3408 |      0 |      0 |    0 |          0 |
|           (g_engines[101].u_engine)        |                         miner_system_miner_0_0_bitcoin_hash_engine_1 |       1247 |       1247 |       0 |    0 |   1759 |      0 |      0 |    0 |          0 |
|           u_core                           |                        miner_system_miner_0_0_sha256_core_fabric_375 |       1534 |       1534 |       0 |    0 |   1649 |      0 |      0 |    0 |          0 |
|             u_core                         |                     miner_system_miner_0_0_sha256_core_iterative_376 |       1534 |       1534 |       0 |    0 |   1649 |      0 |      0 |    0 |          0 |
|         g_engines[102].u_engine            |                         miner_system_miner_0_0_bitcoin_hash_engine_2 |       2758 |       2758 |       0 |    0 |   3415 |      0 |      0 |    0 |          0 |
|           (g_engines[102].u_engine)        |                         miner_system_miner_0_0_bitcoin_hash_engine_2 |       1240 |       1240 |       0 |    0 |   1766 |      0 |      0 |    0 |          0 |
|           u_core                           |                        miner_system_miner_0_0_sha256_core_fabric_373 |       1521 |       1521 |       0 |    0 |   1649 |      0 |      0 |    0 |          0 |
|             u_core                         |                     miner_system_miner_0_0_sha256_core_iterative_374 |       1521 |       1521 |       0 |    0 |   1649 |      0 |      0 |    0 |          0 |
|         g_engines[103].u_engine            |                         miner_system_miner_0_0_bitcoin_hash_engine_3 |       3034 |       3034 |       0 |    0 |   3417 |      0 |      0 |    0 |          0 |
|           (g_engines[103].u_engine)        |                         miner_system_miner_0_0_bitcoin_hash_engine_3 |       1510 |       1510 |       0 |    0 |   1768 |      0 |      0 |    0 |          0 |
|           u_core                           |                        miner_system_miner_0_0_sha256_core_fabric_371 |       1530 |       1530 |       0 |    0 |   1649 |      0 |      0 |    0 |          0 |
|             u_core                         |                     miner_system_miner_0_0_sha256_core_iterative_372 |       1530 |       1530 |       0 |    0 |   1649 |      0 |      0 |    0 |          0 |
|         g_engines[104].u_engine            |                         miner_system_miner_0_0_bitcoin_hash_engine_4 |       2737 |       2737 |       0 |    0 |   3409 |      0 |      0 |    0 |          0 |
|           (g_engines[104].u_engine)        |                         miner_system_miner_0_0_bitcoin_hash_engine_4 |       1226 |       1226 |       0 |    0 |   1760 |      0 |      0 |    0 |          0 |
|           u_core                           |                        miner_system_miner_0_0_sha256_core_fabric_369 |       1518 |       1518 |       0 |    0 |   1649 |      0 |      0 |    0 |          0 |
|             u_core                         |                     miner_system_miner_0_0_sha256_core_iterative_370 |       1518 |       1518 |       0 |    0 |   1649 |      0 |      0 |    0 |          0 |
|         g_engines[105].u_engine            |                         miner_system_miner_0_0_bitcoin_hash_engine_5 |       2738 |       2738 |       0 |    0 |   3417 |      0 |      0 |    0 |          0 |
|           (g_engines[105].u_engine)        |                         miner_system_miner_0_0_bitcoin_hash_engine_5 |       1234 |       1234 |       0 |    0 |   1768 |      0 |      0 |    0 |          0 |
|           u_core                           |                        miner_system_miner_0_0_sha256_core_fabric_367 |       1511 |       1511 |       0 |    0 |   1649 |      0 |      0 |    0 |          0 |
|             u_core                         |                     miner_system_miner_0_0_sha256_core_iterative_368 |       1511 |       1511 |       0 |    0 |   1649 |      0 |      0 |    0 |          0 |
|         g_engines[106].u_engine            |                         miner_system_miner_0_0_bitcoin_hash_engine_6 |       2757 |       2757 |       0 |    0 |   3412 |      0 |      0 |    0 |          0 |
|           (g_engines[106].u_engine)        |                         miner_system_miner_0_0_bitcoin_hash_engine_6 |       1229 |       1229 |       0 |    0 |   1763 |      0 |      0 |    0 |          0 |
|           u_core                           |                        miner_system_miner_0_0_sha256_core_fabric_365 |       1536 |       1536 |       0 |    0 |   1649 |      0 |      0 |    0 |          0 |
|             u_core                         |                     miner_system_miner_0_0_sha256_core_iterative_366 |       1536 |       1536 |       0 |    0 |   1649 |      0 |      0 |    0 |          0 |
|         g_engines[107].u_engine            |                         miner_system_miner_0_0_bitcoin_hash_engine_7 |       3055 |       3055 |       0 |    0 |   3408 |      0 |      0 |    0 |          0 |
|           (g_engines[107].u_engine)        |                         miner_system_miner_0_0_bitcoin_hash_engine_7 |       1550 |       1550 |       0 |    0 |   1759 |      0 |      0 |    0 |          0 |
|           u_core                           |                        miner_system_miner_0_0_sha256_core_fabric_363 |       1511 |       1511 |       0 |    0 |   1649 |      0 |      0 |    0 |          0 |
|             u_core                         |                     miner_system_miner_0_0_sha256_core_iterative_364 |       1511 |       1511 |       0 |    0 |   1649 |      0 |      0 |    0 |          0 |
|         g_engines[108].u_engine            |                         miner_system_miner_0_0_bitcoin_hash_engine_8 |       2761 |       2761 |       0 |    0 |   3411 |      0 |      0 |    0 |          0 |
|           (g_engines[108].u_engine)        |                         miner_system_miner_0_0_bitcoin_hash_engine_8 |       1248 |       1248 |       0 |    0 |   1762 |      0 |      0 |    0 |          0 |
|           u_core                           |                        miner_system_miner_0_0_sha256_core_fabric_361 |       1518 |       1518 |       0 |    0 |   1649 |      0 |      0 |    0 |          0 |
|             u_core                         |                     miner_system_miner_0_0_sha256_core_iterative_362 |       1518 |       1518 |       0 |    0 |   1649 |      0 |      0 |    0 |          0 |
|         g_engines[109].u_engine            |                         miner_system_miner_0_0_bitcoin_hash_engine_9 |       2757 |       2757 |       0 |    0 |   3412 |      0 |      0 |    0 |          0 |
|           (g_engines[109].u_engine)        |                         miner_system_miner_0_0_bitcoin_hash_engine_9 |       1233 |       1233 |       0 |    0 |   1763 |      0 |      0 |    0 |          0 |
|           u_core                           |                        miner_system_miner_0_0_sha256_core_fabric_359 |       1528 |       1528 |       0 |    0 |   1649 |      0 |      0 |    0 |          0 |
|             u_core                         |                     miner_system_miner_0_0_sha256_core_iterative_360 |       1528 |       1528 |       0 |    0 |   1649 |      0 |      0 |    0 |          0 |
|         g_engines[10].u_engine             |                        miner_system_miner_0_0_bitcoin_hash_engine_10 |       5426 |       5426 |       0 |    0 |   3453 |      0 |      0 |    0 |          0 |
|           (g_engines[10].u_engine)         |                        miner_system_miner_0_0_bitcoin_hash_engine_10 |       3906 |       3906 |       0 |    0 |   1769 |      0 |      0 |    0 |          0 |
|           u_core                           |                        miner_system_miner_0_0_sha256_core_fabric_357 |       1527 |       1527 |       0 |    0 |   1684 |      0 |      0 |    0 |          0 |
|             u_core                         |                     miner_system_miner_0_0_sha256_core_iterative_358 |       1527 |       1527 |       0 |    0 |   1684 |      0 |      0 |    0 |          0 |
|         g_engines[110].u_engine            |                        miner_system_miner_0_0_bitcoin_hash_engine_11 |       2763 |       2763 |       0 |    0 |   3406 |      0 |      0 |    0 |          0 |
|           (g_engines[110].u_engine)        |                        miner_system_miner_0_0_bitcoin_hash_engine_11 |       1233 |       1233 |       0 |    0 |   1757 |      0 |      0 |    0 |          0 |
|           u_core                           |                        miner_system_miner_0_0_sha256_core_fabric_355 |       1534 |       1534 |       0 |    0 |   1649 |      0 |      0 |    0 |          0 |
|             u_core                         |                     miner_system_miner_0_0_sha256_core_iterative_356 |       1534 |       1534 |       0 |    0 |   1649 |      0 |      0 |    0 |          0 |
|         g_engines[111].u_engine            |                        miner_system_miner_0_0_bitcoin_hash_engine_12 |       3543 |       3543 |       0 |    0 |   3415 |      0 |      0 |    0 |          0 |
|           (g_engines[111].u_engine)        |                        miner_system_miner_0_0_bitcoin_hash_engine_12 |       2035 |       2035 |       0 |    0 |   1766 |      0 |      0 |    0 |          0 |
|           u_core                           |                        miner_system_miner_0_0_sha256_core_fabric_353 |       1514 |       1514 |       0 |    0 |   1649 |      0 |      0 |    0 |          0 |
|             u_core                         |                     miner_system_miner_0_0_sha256_core_iterative_354 |       1514 |       1514 |       0 |    0 |   1649 |      0 |      0 |    0 |          0 |
|         g_engines[112].u_engine            |                        miner_system_miner_0_0_bitcoin_hash_engine_13 |       2790 |       2790 |       0 |    0 |   3444 |      0 |      0 |    0 |          0 |
|           (g_engines[112].u_engine)        |                        miner_system_miner_0_0_bitcoin_hash_engine_13 |       1257 |       1257 |       0 |    0 |   1759 |      0 |      0 |    0 |          0 |
|           u_core                           |                        miner_system_miner_0_0_sha256_core_fabric_351 |       1537 |       1537 |       0 |    0 |   1685 |      0 |      0 |    0 |          0 |
|             u_core                         |                     miner_system_miner_0_0_sha256_core_iterative_352 |       1537 |       1537 |       0 |    0 |   1685 |      0 |      0 |    0 |          0 |
|         g_engines[113].u_engine            |                        miner_system_miner_0_0_bitcoin_hash_engine_14 |       2797 |       2797 |       0 |    0 |   3443 |      0 |      0 |    0 |          0 |
|           (g_engines[113].u_engine)        |                        miner_system_miner_0_0_bitcoin_hash_engine_14 |       1255 |       1255 |       0 |    0 |   1759 |      0 |      0 |    0 |          0 |
|           u_core                           |                        miner_system_miner_0_0_sha256_core_fabric_349 |       1545 |       1545 |       0 |    0 |   1684 |      0 |      0 |    0 |          0 |
|             u_core                         |                     miner_system_miner_0_0_sha256_core_iterative_350 |       1545 |       1545 |       0 |    0 |   1684 |      0 |      0 |    0 |          0 |
|         g_engines[114].u_engine            |                        miner_system_miner_0_0_bitcoin_hash_engine_15 |       2776 |       2776 |       0 |    0 |   3434 |      0 |      0 |    0 |          0 |
|           (g_engines[114].u_engine)        |                        miner_system_miner_0_0_bitcoin_hash_engine_15 |       1248 |       1248 |       0 |    0 |   1759 |      0 |      0 |    0 |          0 |
|           u_core                           |                        miner_system_miner_0_0_sha256_core_fabric_347 |       1534 |       1534 |       0 |    0 |   1675 |      0 |      0 |    0 |          0 |
|             u_core                         |                     miner_system_miner_0_0_sha256_core_iterative_348 |       1534 |       1534 |       0 |    0 |   1675 |      0 |      0 |    0 |          0 |
|         g_engines[115].u_engine            |                        miner_system_miner_0_0_bitcoin_hash_engine_16 |       3047 |       3047 |       0 |    0 |   3433 |      0 |      0 |    0 |          0 |
|           (g_engines[115].u_engine)        |                        miner_system_miner_0_0_bitcoin_hash_engine_16 |       1512 |       1512 |       0 |    0 |   1757 |      0 |      0 |    0 |          0 |
|           u_core                           |                        miner_system_miner_0_0_sha256_core_fabric_345 |       1538 |       1538 |       0 |    0 |   1676 |      0 |      0 |    0 |          0 |
|             u_core                         |                     miner_system_miner_0_0_sha256_core_iterative_346 |       1538 |       1538 |       0 |    0 |   1676 |      0 |      0 |    0 |          0 |
|         g_engines[116].u_engine            |                        miner_system_miner_0_0_bitcoin_hash_engine_17 |       2766 |       2766 |       0 |    0 |   3411 |      0 |      0 |    0 |          0 |
|           (g_engines[116].u_engine)        |                        miner_system_miner_0_0_bitcoin_hash_engine_17 |       1249 |       1249 |       0 |    0 |   1762 |      0 |      0 |    0 |          0 |
|           u_core                           |                        miner_system_miner_0_0_sha256_core_fabric_343 |       1526 |       1526 |       0 |    0 |   1649 |      0 |      0 |    0 |          0 |
|             u_core                         |                     miner_system_miner_0_0_sha256_core_iterative_344 |       1526 |       1526 |       0 |    0 |   1649 |      0 |      0 |    0 |          0 |
|         g_engines[117].u_engine            |                        miner_system_miner_0_0_bitcoin_hash_engine_18 |       2751 |       2751 |       0 |    0 |   3406 |      0 |      0 |    0 |          0 |
|           (g_engines[117].u_engine)        |                        miner_system_miner_0_0_bitcoin_hash_engine_18 |       1226 |       1226 |       0 |    0 |   1757 |      0 |      0 |    0 |          0 |
|           u_core                           |                        miner_system_miner_0_0_sha256_core_fabric_341 |       1530 |       1530 |       0 |    0 |   1649 |      0 |      0 |    0 |          0 |
|             u_core                         |                     miner_system_miner_0_0_sha256_core_iterative_342 |       1530 |       1530 |       0 |    0 |   1649 |      0 |      0 |    0 |          0 |
|         g_engines[118].u_engine            |                        miner_system_miner_0_0_bitcoin_hash_engine_19 |       2738 |       2738 |       0 |    0 |   3406 |      0 |      0 |    0 |          0 |
|           (g_engines[118].u_engine)        |                        miner_system_miner_0_0_bitcoin_hash_engine_19 |       1230 |       1230 |       0 |    0 |   1757 |      0 |      0 |    0 |          0 |
|           u_core                           |                        miner_system_miner_0_0_sha256_core_fabric_339 |       1511 |       1511 |       0 |    0 |   1649 |      0 |      0 |    0 |          0 |
|             u_core                         |                     miner_system_miner_0_0_sha256_core_iterative_340 |       1511 |       1511 |       0 |    0 |   1649 |      0 |      0 |    0 |          0 |
|         g_engines[119].u_engine            |                        miner_system_miner_0_0_bitcoin_hash_engine_20 |       3060 |       3060 |       0 |    0 |   3406 |      0 |      0 |    0 |          0 |
|           (g_engines[119].u_engine)        |                        miner_system_miner_0_0_bitcoin_hash_engine_20 |       1551 |       1551 |       0 |    0 |   1757 |      0 |      0 |    0 |          0 |
|           u_core                           |                        miner_system_miner_0_0_sha256_core_fabric_337 |       1516 |       1516 |       0 |    0 |   1649 |      0 |      0 |    0 |          0 |
|             u_core                         |                     miner_system_miner_0_0_sha256_core_iterative_338 |       1516 |       1516 |       0 |    0 |   1649 |      0 |      0 |    0 |          0 |
|         g_engines[11].u_engine             |                        miner_system_miner_0_0_bitcoin_hash_engine_21 |       2789 |       2789 |       0 |    0 |   3412 |      0 |      0 |    0 |          0 |
|           (g_engines[11].u_engine)         |                        miner_system_miner_0_0_bitcoin_hash_engine_21 |       1266 |       1266 |       0 |    0 |   1763 |      0 |      0 |    0 |          0 |
|           u_core                           |                        miner_system_miner_0_0_sha256_core_fabric_335 |       1527 |       1527 |       0 |    0 |   1649 |      0 |      0 |    0 |          0 |
|             u_core                         |                     miner_system_miner_0_0_sha256_core_iterative_336 |       1527 |       1527 |       0 |    0 |   1649 |      0 |      0 |    0 |          0 |
|         g_engines[120].u_engine            |                        miner_system_miner_0_0_bitcoin_hash_engine_22 |       2741 |       2741 |       0 |    0 |   3406 |      0 |      0 |    0 |          0 |
|           (g_engines[120].u_engine)        |                        miner_system_miner_0_0_bitcoin_hash_engine_22 |       1228 |       1228 |       0 |    0 |   1757 |      0 |      0 |    0 |          0 |
|           u_core                           |                        miner_system_miner_0_0_sha256_core_fabric_333 |       1518 |       1518 |       0 |    0 |   1649 |      0 |      0 |    0 |          0 |
|             u_core                         |                     miner_system_miner_0_0_sha256_core_iterative_334 |       1518 |       1518 |       0 |    0 |   1649 |      0 |      0 |    0 |          0 |
|         g_engines[121].u_engine            |                        miner_system_miner_0_0_bitcoin_hash_engine_23 |       3024 |       3024 |       0 |    0 |   3406 |      0 |      0 |    0 |          0 |
|           (g_engines[121].u_engine)        |                        miner_system_miner_0_0_bitcoin_hash_engine_23 |       1503 |       1503 |       0 |    0 |   1757 |      0 |      0 |    0 |          0 |
|           u_core                           |                        miner_system_miner_0_0_sha256_core_fabric_331 |       1524 |       1524 |       0 |    0 |   1649 |      0 |      0 |    0 |          0 |
|             u_core                         |                     miner_system_miner_0_0_sha256_core_iterative_332 |       1524 |       1524 |       0 |    0 |   1649 |      0 |      0 |    0 |          0 |
|         g_engines[122].u_engine            |                        miner_system_miner_0_0_bitcoin_hash_engine_24 |       2735 |       2735 |       0 |    0 |   3406 |      0 |      0 |    0 |          0 |
|           (g_engines[122].u_engine)        |                        miner_system_miner_0_0_bitcoin_hash_engine_24 |       1225 |       1225 |       0 |    0 |   1757 |      0 |      0 |    0 |          0 |
|           u_core                           |                        miner_system_miner_0_0_sha256_core_fabric_329 |       1516 |       1516 |       0 |    0 |   1649 |      0 |      0 |    0 |          0 |
|             u_core                         |                     miner_system_miner_0_0_sha256_core_iterative_330 |       1516 |       1516 |       0 |    0 |   1649 |      0 |      0 |    0 |          0 |
|         g_engines[123].u_engine            |                        miner_system_miner_0_0_bitcoin_hash_engine_25 |       2753 |       2753 |       0 |    0 |   3406 |      0 |      0 |    0 |          0 |
|           (g_engines[123].u_engine)        |                        miner_system_miner_0_0_bitcoin_hash_engine_25 |       1225 |       1225 |       0 |    0 |   1757 |      0 |      0 |    0 |          0 |
|           u_core                           |                        miner_system_miner_0_0_sha256_core_fabric_327 |       1529 |       1529 |       0 |    0 |   1649 |      0 |      0 |    0 |          0 |
|             u_core                         |                     miner_system_miner_0_0_sha256_core_iterative_328 |       1529 |       1529 |       0 |    0 |   1649 |      0 |      0 |    0 |          0 |
|         g_engines[124].u_engine            |                        miner_system_miner_0_0_bitcoin_hash_engine_26 |       2763 |       2763 |       0 |    0 |   3406 |      0 |      0 |    0 |          0 |
|           (g_engines[124].u_engine)        |                        miner_system_miner_0_0_bitcoin_hash_engine_26 |       1247 |       1247 |       0 |    0 |   1757 |      0 |      0 |    0 |          0 |
|           u_core                           |                        miner_system_miner_0_0_sha256_core_fabric_325 |       1520 |       1520 |       0 |    0 |   1649 |      0 |      0 |    0 |          0 |
|             u_core                         |                     miner_system_miner_0_0_sha256_core_iterative_326 |       1520 |       1520 |       0 |    0 |   1649 |      0 |      0 |    0 |          0 |
|         g_engines[125].u_engine            |                        miner_system_miner_0_0_bitcoin_hash_engine_27 |       2764 |       2764 |       0 |    0 |   3406 |      0 |      0 |    0 |          0 |
|           (g_engines[125].u_engine)        |                        miner_system_miner_0_0_bitcoin_hash_engine_27 |       1249 |       1249 |       0 |    0 |   1757 |      0 |      0 |    0 |          0 |
|           u_core                           |                        miner_system_miner_0_0_sha256_core_fabric_323 |       1522 |       1522 |       0 |    0 |   1649 |      0 |      0 |    0 |          0 |
|             u_core                         |                     miner_system_miner_0_0_sha256_core_iterative_324 |       1522 |       1522 |       0 |    0 |   1649 |      0 |      0 |    0 |          0 |
|         g_engines[126].u_engine            |                        miner_system_miner_0_0_bitcoin_hash_engine_28 |       2797 |       2797 |       0 |    0 |   3437 |      0 |      0 |    0 |          0 |
|           (g_engines[126].u_engine)        |                        miner_system_miner_0_0_bitcoin_hash_engine_28 |       1266 |       1266 |       0 |    0 |   1757 |      0 |      0 |    0 |          0 |
|           u_core                           |                        miner_system_miner_0_0_sha256_core_fabric_321 |       1535 |       1535 |       0 |    0 |   1680 |      0 |      0 |    0 |          0 |
|             u_core                         |                     miner_system_miner_0_0_sha256_core_iterative_322 |       1535 |       1535 |       0 |    0 |   1680 |      0 |      0 |    0 |          0 |
|         g_engines[127].u_engine            |                        miner_system_miner_0_0_bitcoin_hash_engine_29 |       3272 |       3272 |       0 |    0 |   3441 |      0 |      0 |    0 |          0 |
|           (g_engines[127].u_engine)        |                        miner_system_miner_0_0_bitcoin_hash_engine_29 |       1814 |       1814 |       0 |    0 |   1759 |      0 |      0 |    0 |          0 |
|           u_core                           |                        miner_system_miner_0_0_sha256_core_fabric_319 |       1460 |       1460 |       0 |    0 |   1682 |      0 |      0 |    0 |          0 |
|             u_core                         |                     miner_system_miner_0_0_sha256_core_iterative_320 |       1460 |       1460 |       0 |    0 |   1682 |      0 |      0 |    0 |          0 |
|         g_engines[12].u_engine             |                        miner_system_miner_0_0_bitcoin_hash_engine_30 |       2789 |       2789 |       0 |    0 |   3416 |      0 |      0 |    0 |          0 |
|           (g_engines[12].u_engine)         |                        miner_system_miner_0_0_bitcoin_hash_engine_30 |       1263 |       1263 |       0 |    0 |   1767 |      0 |      0 |    0 |          0 |
|           u_core                           |                        miner_system_miner_0_0_sha256_core_fabric_317 |       1528 |       1528 |       0 |    0 |   1649 |      0 |      0 |    0 |          0 |
|             u_core                         |                     miner_system_miner_0_0_sha256_core_iterative_318 |       1528 |       1528 |       0 |    0 |   1649 |      0 |      0 |    0 |          0 |
|         g_engines[13].u_engine             |                        miner_system_miner_0_0_bitcoin_hash_engine_31 |       2756 |       2756 |       0 |    0 |   3420 |      0 |      0 |    0 |          0 |
|           (g_engines[13].u_engine)         |                        miner_system_miner_0_0_bitcoin_hash_engine_31 |       1239 |       1239 |       0 |    0 |   1771 |      0 |      0 |    0 |          0 |
|           u_core                           |                        miner_system_miner_0_0_sha256_core_fabric_315 |       1520 |       1520 |       0 |    0 |   1649 |      0 |      0 |    0 |          0 |
|             u_core                         |                     miner_system_miner_0_0_sha256_core_iterative_316 |       1520 |       1520 |       0 |    0 |   1649 |      0 |      0 |    0 |          0 |
|         g_engines[14].u_engine             |                        miner_system_miner_0_0_bitcoin_hash_engine_32 |       2752 |       2752 |       0 |    0 |   3413 |      0 |      0 |    0 |          0 |
|           (g_engines[14].u_engine)         |                        miner_system_miner_0_0_bitcoin_hash_engine_32 |       1229 |       1229 |       0 |    0 |   1764 |      0 |      0 |    0 |          0 |
|           u_core                           |                        miner_system_miner_0_0_sha256_core_fabric_313 |       1531 |       1531 |       0 |    0 |   1649 |      0 |      0 |    0 |          0 |
|             u_core                         |                     miner_system_miner_0_0_sha256_core_iterative_314 |       1531 |       1531 |       0 |    0 |   1649 |      0 |      0 |    0 |          0 |
|         g_engines[15].u_engine             |                        miner_system_miner_0_0_bitcoin_hash_engine_33 |       2770 |       2770 |       0 |    0 |   3436 |      0 |      0 |    0 |          0 |
|           (g_engines[15].u_engine)         |                        miner_system_miner_0_0_bitcoin_hash_engine_33 |       1254 |       1254 |       0 |    0 |   1763 |      0 |      0 |    0 |          0 |
|           u_core                           |                        miner_system_miner_0_0_sha256_core_fabric_311 |       1521 |       1521 |       0 |    0 |   1673 |      0 |      0 |    0 |          0 |
|             u_core                         |                     miner_system_miner_0_0_sha256_core_iterative_312 |       1521 |       1521 |       0 |    0 |   1673 |      0 |      0 |    0 |          0 |
|         g_engines[16].u_engine             |                        miner_system_miner_0_0_bitcoin_hash_engine_34 |       3094 |       3094 |       0 |    0 |   3447 |      0 |      0 |    0 |          0 |
|           (g_engines[16].u_engine)         |                        miner_system_miner_0_0_bitcoin_hash_engine_34 |       1565 |       1565 |       0 |    0 |   1765 |      0 |      0 |    0 |          0 |
|           u_core                           |                        miner_system_miner_0_0_sha256_core_fabric_309 |       1532 |       1532 |       0 |    0 |   1682 |      0 |      0 |    0 |          0 |
|             u_core                         |                     miner_system_miner_0_0_sha256_core_iterative_310 |       1532 |       1532 |       0 |    0 |   1682 |      0 |      0 |    0 |          0 |
|         g_engines[17].u_engine             |                        miner_system_miner_0_0_bitcoin_hash_engine_35 |       2824 |       2824 |       0 |    0 |   3455 |      0 |      0 |    0 |          0 |
|           (g_engines[17].u_engine)         |                        miner_system_miner_0_0_bitcoin_hash_engine_35 |       1299 |       1299 |       0 |    0 |   1777 |      0 |      0 |    0 |          0 |
|           u_core                           |                        miner_system_miner_0_0_sha256_core_fabric_307 |       1531 |       1531 |       0 |    0 |   1678 |      0 |      0 |    0 |          0 |
|             u_core                         |                     miner_system_miner_0_0_sha256_core_iterative_308 |       1531 |       1531 |       0 |    0 |   1678 |      0 |      0 |    0 |          0 |
|         g_engines[18].u_engine             |                        miner_system_miner_0_0_bitcoin_hash_engine_36 |       2790 |       2790 |       0 |    0 |   3449 |      0 |      0 |    0 |          0 |
|           (g_engines[18].u_engine)         |                        miner_system_miner_0_0_bitcoin_hash_engine_36 |       1262 |       1262 |       0 |    0 |   1764 |      0 |      0 |    0 |          0 |
|           u_core                           |                        miner_system_miner_0_0_sha256_core_fabric_305 |       1531 |       1531 |       0 |    0 |   1685 |      0 |      0 |    0 |          0 |
|             u_core                         |                     miner_system_miner_0_0_sha256_core_iterative_306 |       1531 |       1531 |       0 |    0 |   1685 |      0 |      0 |    0 |          0 |
|         g_engines[19].u_engine             |                        miner_system_miner_0_0_bitcoin_hash_engine_37 |       2772 |       2772 |       0 |    0 |   3438 |      0 |      0 |    0 |          0 |
|           (g_engines[19].u_engine)         |                        miner_system_miner_0_0_bitcoin_hash_engine_37 |       1246 |       1246 |       0 |    0 |   1763 |      0 |      0 |    0 |          0 |
|           u_core                           |                        miner_system_miner_0_0_sha256_core_fabric_303 |       1530 |       1530 |       0 |    0 |   1675 |      0 |      0 |    0 |          0 |
|             u_core                         |                     miner_system_miner_0_0_sha256_core_iterative_304 |       1530 |       1530 |       0 |    0 |   1675 |      0 |      0 |    0 |          0 |
|         g_engines[1].u_engine              |                        miner_system_miner_0_0_bitcoin_hash_engine_38 |       2886 |       2886 |       0 |    0 |   3413 |      0 |      0 |    0 |          0 |
|           (g_engines[1].u_engine)          |                        miner_system_miner_0_0_bitcoin_hash_engine_38 |       1294 |       1294 |       0 |    0 |   1764 |      0 |      0 |    0 |          0 |
|           u_core                           |                        miner_system_miner_0_0_sha256_core_fabric_301 |       1597 |       1597 |       0 |    0 |   1649 |      0 |      0 |    0 |          0 |
|             u_core                         |                     miner_system_miner_0_0_sha256_core_iterative_302 |       1597 |       1597 |       0 |    0 |   1649 |      0 |      0 |    0 |          0 |
|         g_engines[20].u_engine             |                        miner_system_miner_0_0_bitcoin_hash_engine_39 |       2756 |       2756 |       0 |    0 |   3412 |      0 |      0 |    0 |          0 |
|           (g_engines[20].u_engine)         |                        miner_system_miner_0_0_bitcoin_hash_engine_39 |       1231 |       1231 |       0 |    0 |   1763 |      0 |      0 |    0 |          0 |
|           u_core                           |                        miner_system_miner_0_0_sha256_core_fabric_299 |       1530 |       1530 |       0 |    0 |   1649 |      0 |      0 |    0 |          0 |
|             u_core                         |                     miner_system_miner_0_0_sha256_core_iterative_300 |       1530 |       1530 |       0 |    0 |   1649 |      0 |      0 |    0 |          0 |
|         g_engines[21].u_engine             |                        miner_system_miner_0_0_bitcoin_hash_engine_40 |       2767 |       2767 |       0 |    0 |   3425 |      0 |      0 |    0 |          0 |
|           (g_engines[21].u_engine)         |                        miner_system_miner_0_0_bitcoin_hash_engine_40 |       1251 |       1251 |       0 |    0 |   1776 |      0 |      0 |    0 |          0 |
|           u_core                           |                        miner_system_miner_0_0_sha256_core_fabric_297 |       1522 |       1522 |       0 |    0 |   1649 |      0 |      0 |    0 |          0 |
|             u_core                         |                     miner_system_miner_0_0_sha256_core_iterative_298 |       1522 |       1522 |       0 |    0 |   1649 |      0 |      0 |    0 |          0 |
|         g_engines[22].u_engine             |                        miner_system_miner_0_0_bitcoin_hash_engine_41 |       2749 |       2749 |       0 |    0 |   3412 |      0 |      0 |    0 |          0 |
|           (g_engines[22].u_engine)         |                        miner_system_miner_0_0_bitcoin_hash_engine_41 |       1233 |       1233 |       0 |    0 |   1763 |      0 |      0 |    0 |          0 |
|           u_core                           |                        miner_system_miner_0_0_sha256_core_fabric_295 |       1520 |       1520 |       0 |    0 |   1649 |      0 |      0 |    0 |          0 |
|             u_core                         |                     miner_system_miner_0_0_sha256_core_iterative_296 |       1520 |       1520 |       0 |    0 |   1649 |      0 |      0 |    0 |          0 |
|         g_engines[23].u_engine             |                        miner_system_miner_0_0_bitcoin_hash_engine_42 |       2748 |       2748 |       0 |    0 |   3412 |      0 |      0 |    0 |          0 |
|           (g_engines[23].u_engine)         |                        miner_system_miner_0_0_bitcoin_hash_engine_42 |       1228 |       1228 |       0 |    0 |   1763 |      0 |      0 |    0 |          0 |
|           u_core                           |                        miner_system_miner_0_0_sha256_core_fabric_293 |       1523 |       1523 |       0 |    0 |   1649 |      0 |      0 |    0 |          0 |
|             u_core                         |                     miner_system_miner_0_0_sha256_core_iterative_294 |       1523 |       1523 |       0 |    0 |   1649 |      0 |      0 |    0 |          0 |
|         g_engines[24].u_engine             |                        miner_system_miner_0_0_bitcoin_hash_engine_43 |       2783 |       2783 |       0 |    0 |   3452 |      0 |      0 |    0 |          0 |
|           (g_engines[24].u_engine)         |                        miner_system_miner_0_0_bitcoin_hash_engine_43 |       1262 |       1262 |       0 |    0 |   1764 |      0 |      0 |    0 |          0 |
|           u_core                           |                        miner_system_miner_0_0_sha256_core_fabric_291 |       1523 |       1523 |       0 |    0 |   1688 |      0 |      0 |    0 |          0 |
|             u_core                         |                     miner_system_miner_0_0_sha256_core_iterative_292 |       1523 |       1523 |       0 |    0 |   1688 |      0 |      0 |    0 |          0 |
|         g_engines[25].u_engine             |                        miner_system_miner_0_0_bitcoin_hash_engine_44 |       2770 |       2770 |       0 |    0 |   3443 |      0 |      0 |    0 |          0 |
|           (g_engines[25].u_engine)         |                        miner_system_miner_0_0_bitcoin_hash_engine_44 |       1256 |       1256 |       0 |    0 |   1763 |      0 |      0 |    0 |          0 |
|           u_core                           |                        miner_system_miner_0_0_sha256_core_fabric_289 |       1517 |       1517 |       0 |    0 |   1680 |      0 |      0 |    0 |          0 |
|             u_core                         |                     miner_system_miner_0_0_sha256_core_iterative_290 |       1517 |       1517 |       0 |    0 |   1680 |      0 |      0 |    0 |          0 |
|         g_engines[26].u_engine             |                        miner_system_miner_0_0_bitcoin_hash_engine_45 |       2776 |       2776 |       0 |    0 |   3412 |      0 |      0 |    0 |          0 |
|           (g_engines[26].u_engine)         |                        miner_system_miner_0_0_bitcoin_hash_engine_45 |       1266 |       1266 |       0 |    0 |   1763 |      0 |      0 |    0 |          0 |
|           u_core                           |                        miner_system_miner_0_0_sha256_core_fabric_287 |       1513 |       1513 |       0 |    0 |   1649 |      0 |      0 |    0 |          0 |
|             u_core                         |                     miner_system_miner_0_0_sha256_core_iterative_288 |       1513 |       1513 |       0 |    0 |   1649 |      0 |      0 |    0 |          0 |
|         g_engines[27].u_engine             |                        miner_system_miner_0_0_bitcoin_hash_engine_46 |       2781 |       2781 |       0 |    0 |   3412 |      0 |      0 |    0 |          0 |
|           (g_engines[27].u_engine)         |                        miner_system_miner_0_0_bitcoin_hash_engine_46 |       1272 |       1272 |       0 |    0 |   1763 |      0 |      0 |    0 |          0 |
|           u_core                           |                        miner_system_miner_0_0_sha256_core_fabric_285 |       1513 |       1513 |       0 |    0 |   1649 |      0 |      0 |    0 |          0 |
|             u_core                         |                     miner_system_miner_0_0_sha256_core_iterative_286 |       1513 |       1513 |       0 |    0 |   1649 |      0 |      0 |    0 |          0 |
|         g_engines[28].u_engine             |                        miner_system_miner_0_0_bitcoin_hash_engine_47 |       2747 |       2747 |       0 |    0 |   3412 |      0 |      0 |    0 |          0 |
|           (g_engines[28].u_engine)         |                        miner_system_miner_0_0_bitcoin_hash_engine_47 |       1228 |       1228 |       0 |    0 |   1763 |      0 |      0 |    0 |          0 |
|           u_core                           |                        miner_system_miner_0_0_sha256_core_fabric_283 |       1525 |       1525 |       0 |    0 |   1649 |      0 |      0 |    0 |          0 |
|             u_core                         |                     miner_system_miner_0_0_sha256_core_iterative_284 |       1525 |       1525 |       0 |    0 |   1649 |      0 |      0 |    0 |          0 |
|         g_engines[29].u_engine             |                        miner_system_miner_0_0_bitcoin_hash_engine_48 |       2745 |       2745 |       0 |    0 |   3412 |      0 |      0 |    0 |          0 |
|           (g_engines[29].u_engine)         |                        miner_system_miner_0_0_bitcoin_hash_engine_48 |       1229 |       1229 |       0 |    0 |   1763 |      0 |      0 |    0 |          0 |
|           u_core                           |                        miner_system_miner_0_0_sha256_core_fabric_281 |       1523 |       1523 |       0 |    0 |   1649 |      0 |      0 |    0 |          0 |
|             u_core                         |                     miner_system_miner_0_0_sha256_core_iterative_282 |       1523 |       1523 |       0 |    0 |   1649 |      0 |      0 |    0 |          0 |
|         g_engines[2].u_engine              |                        miner_system_miner_0_0_bitcoin_hash_engine_49 |       2795 |       2795 |       0 |    0 |   3412 |      0 |      0 |    0 |          0 |
|           (g_engines[2].u_engine)          |                        miner_system_miner_0_0_bitcoin_hash_engine_49 |       1261 |       1261 |       0 |    0 |   1763 |      0 |      0 |    0 |          0 |
|           u_core                           |                        miner_system_miner_0_0_sha256_core_fabric_279 |       1541 |       1541 |       0 |    0 |   1649 |      0 |      0 |    0 |          0 |
|             u_core                         |                     miner_system_miner_0_0_sha256_core_iterative_280 |       1541 |       1541 |       0 |    0 |   1649 |      0 |      0 |    0 |          0 |
|         g_engines[30].u_engine             |                        miner_system_miner_0_0_bitcoin_hash_engine_50 |       2746 |       2746 |       0 |    0 |   3412 |      0 |      0 |    0 |          0 |
|           (g_engines[30].u_engine)         |                        miner_system_miner_0_0_bitcoin_hash_engine_50 |       1231 |       1231 |       0 |    0 |   1763 |      0 |      0 |    0 |          0 |
|           u_core                           |                        miner_system_miner_0_0_sha256_core_fabric_277 |       1517 |       1517 |       0 |    0 |   1649 |      0 |      0 |    0 |          0 |
|             u_core                         |                     miner_system_miner_0_0_sha256_core_iterative_278 |       1517 |       1517 |       0 |    0 |   1649 |      0 |      0 |    0 |          0 |
|         g_engines[31].u_engine             |                        miner_system_miner_0_0_bitcoin_hash_engine_51 |       2789 |       2789 |       0 |    0 |   3412 |      0 |      0 |    0 |          0 |
|           (g_engines[31].u_engine)         |                        miner_system_miner_0_0_bitcoin_hash_engine_51 |       1266 |       1266 |       0 |    0 |   1763 |      0 |      0 |    0 |          0 |
|           u_core                           |                        miner_system_miner_0_0_sha256_core_fabric_275 |       1527 |       1527 |       0 |    0 |   1649 |      0 |      0 |    0 |          0 |
|             u_core                         |                     miner_system_miner_0_0_sha256_core_iterative_276 |       1527 |       1527 |       0 |    0 |   1649 |      0 |      0 |    0 |          0 |
|         g_engines[32].u_engine             |                        miner_system_miner_0_0_bitcoin_hash_engine_52 |       2749 |       2749 |       0 |    0 |   3412 |      0 |      0 |    0 |          0 |
|           (g_engines[32].u_engine)         |                        miner_system_miner_0_0_bitcoin_hash_engine_52 |       1226 |       1226 |       0 |    0 |   1763 |      0 |      0 |    0 |          0 |
|           u_core                           |                        miner_system_miner_0_0_sha256_core_fabric_273 |       1524 |       1524 |       0 |    0 |   1649 |      0 |      0 |    0 |          0 |
|             u_core                         |                     miner_system_miner_0_0_sha256_core_iterative_274 |       1524 |       1524 |       0 |    0 |   1649 |      0 |      0 |    0 |          0 |
|         g_engines[33].u_engine             |                        miner_system_miner_0_0_bitcoin_hash_engine_53 |       2782 |       2782 |       0 |    0 |   3413 |      0 |      0 |    0 |          0 |
|           (g_engines[33].u_engine)         |                        miner_system_miner_0_0_bitcoin_hash_engine_53 |       1236 |       1236 |       0 |    0 |   1764 |      0 |      0 |    0 |          0 |
|           u_core                           |                        miner_system_miner_0_0_sha256_core_fabric_271 |       1553 |       1553 |       0 |    0 |   1649 |      0 |      0 |    0 |          0 |
|             u_core                         |                     miner_system_miner_0_0_sha256_core_iterative_272 |       1553 |       1553 |       0 |    0 |   1649 |      0 |      0 |    0 |          0 |
|         g_engines[34].u_engine             |                        miner_system_miner_0_0_bitcoin_hash_engine_54 |       2790 |       2790 |       0 |    0 |   3412 |      0 |      0 |    0 |          0 |
|           (g_engines[34].u_engine)         |                        miner_system_miner_0_0_bitcoin_hash_engine_54 |       1259 |       1259 |       0 |    0 |   1763 |      0 |      0 |    0 |          0 |
|           u_core                           |                        miner_system_miner_0_0_sha256_core_fabric_269 |       1536 |       1536 |       0 |    0 |   1649 |      0 |      0 |    0 |          0 |
|             u_core                         |                     miner_system_miner_0_0_sha256_core_iterative_270 |       1536 |       1536 |       0 |    0 |   1649 |      0 |      0 |    0 |          0 |
|         g_engines[35].u_engine             |                        miner_system_miner_0_0_bitcoin_hash_engine_55 |       3140 |       3140 |       0 |    0 |   3413 |      0 |      0 |    0 |          0 |
|           (g_engines[35].u_engine)         |                        miner_system_miner_0_0_bitcoin_hash_engine_55 |       1615 |       1615 |       0 |    0 |   1764 |      0 |      0 |    0 |          0 |
|           u_core                           |                        miner_system_miner_0_0_sha256_core_fabric_267 |       1531 |       1531 |       0 |    0 |   1649 |      0 |      0 |    0 |          0 |
|             u_core                         |                     miner_system_miner_0_0_sha256_core_iterative_268 |       1531 |       1531 |       0 |    0 |   1649 |      0 |      0 |    0 |          0 |
|         g_engines[36].u_engine             |                        miner_system_miner_0_0_bitcoin_hash_engine_56 |       2748 |       2748 |       0 |    0 |   3412 |      0 |      0 |    0 |          0 |
|           (g_engines[36].u_engine)         |                        miner_system_miner_0_0_bitcoin_hash_engine_56 |       1230 |       1230 |       0 |    0 |   1763 |      0 |      0 |    0 |          0 |
|           u_core                           |                        miner_system_miner_0_0_sha256_core_fabric_265 |       1521 |       1521 |       0 |    0 |   1649 |      0 |      0 |    0 |          0 |
|             u_core                         |                     miner_system_miner_0_0_sha256_core_iterative_266 |       1521 |       1521 |       0 |    0 |   1649 |      0 |      0 |    0 |          0 |
|         g_engines[37].u_engine             |                        miner_system_miner_0_0_bitcoin_hash_engine_57 |       2777 |       2777 |       0 |    0 |   3443 |      0 |      0 |    0 |          0 |
|           (g_engines[37].u_engine)         |                        miner_system_miner_0_0_bitcoin_hash_engine_57 |       1257 |       1257 |       0 |    0 |   1763 |      0 |      0 |    0 |          0 |
|           u_core                           |                        miner_system_miner_0_0_sha256_core_fabric_263 |       1526 |       1526 |       0 |    0 |   1680 |      0 |      0 |    0 |          0 |
|             u_core                         |                     miner_system_miner_0_0_sha256_core_iterative_264 |       1526 |       1526 |       0 |    0 |   1680 |      0 |      0 |    0 |          0 |
|         g_engines[38].u_engine             |                        miner_system_miner_0_0_bitcoin_hash_engine_58 |       2745 |       2745 |       0 |    0 |   3412 |      0 |      0 |    0 |          0 |
|           (g_engines[38].u_engine)         |                        miner_system_miner_0_0_bitcoin_hash_engine_58 |       1227 |       1227 |       0 |    0 |   1763 |      0 |      0 |    0 |          0 |
|           u_core                           |                        miner_system_miner_0_0_sha256_core_fabric_261 |       1520 |       1520 |       0 |    0 |   1649 |      0 |      0 |    0 |          0 |
|             u_core                         |                     miner_system_miner_0_0_sha256_core_iterative_262 |       1520 |       1520 |       0 |    0 |   1649 |      0 |      0 |    0 |          0 |
|         g_engines[39].u_engine             |                        miner_system_miner_0_0_bitcoin_hash_engine_59 |       3030 |       3030 |       0 |    0 |   3442 |      0 |      0 |    0 |          0 |
|           (g_engines[39].u_engine)         |                        miner_system_miner_0_0_bitcoin_hash_engine_59 |       1512 |       1512 |       0 |    0 |   1765 |      0 |      0 |    0 |          0 |
|           u_core                           |                        miner_system_miner_0_0_sha256_core_fabric_259 |       1521 |       1521 |       0 |    0 |   1677 |      0 |      0 |    0 |          0 |
|             u_core                         |                     miner_system_miner_0_0_sha256_core_iterative_260 |       1521 |       1521 |       0 |    0 |   1677 |      0 |      0 |    0 |          0 |
|         g_engines[3].u_engine              |                        miner_system_miner_0_0_bitcoin_hash_engine_60 |       2809 |       2809 |       0 |    0 |   3413 |      0 |      0 |    0 |          0 |
|           (g_engines[3].u_engine)          |                        miner_system_miner_0_0_bitcoin_hash_engine_60 |       1279 |       1279 |       0 |    0 |   1764 |      0 |      0 |    0 |          0 |
|           u_core                           |                        miner_system_miner_0_0_sha256_core_fabric_257 |       1535 |       1535 |       0 |    0 |   1649 |      0 |      0 |    0 |          0 |
|             u_core                         |                     miner_system_miner_0_0_sha256_core_iterative_258 |       1535 |       1535 |       0 |    0 |   1649 |      0 |      0 |    0 |          0 |
|         g_engines[40].u_engine             |                        miner_system_miner_0_0_bitcoin_hash_engine_61 |       2755 |       2755 |       0 |    0 |   3413 |      0 |      0 |    0 |          0 |
|           (g_engines[40].u_engine)         |                        miner_system_miner_0_0_bitcoin_hash_engine_61 |       1231 |       1231 |       0 |    0 |   1764 |      0 |      0 |    0 |          0 |
|           u_core                           |                        miner_system_miner_0_0_sha256_core_fabric_255 |       1529 |       1529 |       0 |    0 |   1649 |      0 |      0 |    0 |          0 |
|             u_core                         |                     miner_system_miner_0_0_sha256_core_iterative_256 |       1529 |       1529 |       0 |    0 |   1649 |      0 |      0 |    0 |          0 |
|         g_engines[41].u_engine             |                        miner_system_miner_0_0_bitcoin_hash_engine_62 |       2746 |       2746 |       0 |    0 |   3423 |      0 |      0 |    0 |          0 |
|           (g_engines[41].u_engine)         |                        miner_system_miner_0_0_bitcoin_hash_engine_62 |       1232 |       1232 |       0 |    0 |   1774 |      0 |      0 |    0 |          0 |
|           u_core                           |                        miner_system_miner_0_0_sha256_core_fabric_253 |       1523 |       1523 |       0 |    0 |   1649 |      0 |      0 |    0 |          0 |
|             u_core                         |                     miner_system_miner_0_0_sha256_core_iterative_254 |       1523 |       1523 |       0 |    0 |   1649 |      0 |      0 |    0 |          0 |
|         g_engines[42].u_engine             |                        miner_system_miner_0_0_bitcoin_hash_engine_63 |       2780 |       2780 |       0 |    0 |   3414 |      0 |      0 |    0 |          0 |
|           (g_engines[42].u_engine)         |                        miner_system_miner_0_0_bitcoin_hash_engine_63 |       1267 |       1267 |       0 |    0 |   1765 |      0 |      0 |    0 |          0 |
|           u_core                           |                        miner_system_miner_0_0_sha256_core_fabric_251 |       1515 |       1515 |       0 |    0 |   1649 |      0 |      0 |    0 |          0 |
|             u_core                         |                     miner_system_miner_0_0_sha256_core_iterative_252 |       1515 |       1515 |       0 |    0 |   1649 |      0 |      0 |    0 |          0 |
|         g_engines[43].u_engine             |                        miner_system_miner_0_0_bitcoin_hash_engine_64 |       3035 |       3035 |       0 |    0 |   3411 |      0 |      0 |    0 |          0 |
|           (g_engines[43].u_engine)         |                        miner_system_miner_0_0_bitcoin_hash_engine_64 |       1517 |       1517 |       0 |    0 |   1762 |      0 |      0 |    0 |          0 |
|           u_core                           |                        miner_system_miner_0_0_sha256_core_fabric_249 |       1526 |       1526 |       0 |    0 |   1649 |      0 |      0 |    0 |          0 |
|             u_core                         |                     miner_system_miner_0_0_sha256_core_iterative_250 |       1526 |       1526 |       0 |    0 |   1649 |      0 |      0 |    0 |          0 |
|         g_engines[44].u_engine             |                        miner_system_miner_0_0_bitcoin_hash_engine_65 |       2809 |       2809 |       0 |    0 |   3414 |      0 |      0 |    0 |          0 |
|           (g_engines[44].u_engine)         |                        miner_system_miner_0_0_bitcoin_hash_engine_65 |       1272 |       1272 |       0 |    0 |   1765 |      0 |      0 |    0 |          0 |
|           u_core                           |                        miner_system_miner_0_0_sha256_core_fabric_247 |       1541 |       1541 |       0 |    0 |   1649 |      0 |      0 |    0 |          0 |
|             u_core                         |                     miner_system_miner_0_0_sha256_core_iterative_248 |       1541 |       1541 |       0 |    0 |   1649 |      0 |      0 |    0 |          0 |
|         g_engines[45].u_engine             |                        miner_system_miner_0_0_bitcoin_hash_engine_66 |       2749 |       2749 |       0 |    0 |   3412 |      0 |      0 |    0 |          0 |
|           (g_engines[45].u_engine)         |                        miner_system_miner_0_0_bitcoin_hash_engine_66 |       1232 |       1232 |       0 |    0 |   1763 |      0 |      0 |    0 |          0 |
|           u_core                           |                        miner_system_miner_0_0_sha256_core_fabric_245 |       1522 |       1522 |       0 |    0 |   1649 |      0 |      0 |    0 |          0 |
|             u_core                         |                     miner_system_miner_0_0_sha256_core_iterative_246 |       1522 |       1522 |       0 |    0 |   1649 |      0 |      0 |    0 |          0 |
|         g_engines[46].u_engine             |                        miner_system_miner_0_0_bitcoin_hash_engine_67 |       2755 |       2755 |       0 |    0 |   3412 |      0 |      0 |    0 |          0 |
|           (g_engines[46].u_engine)         |                        miner_system_miner_0_0_bitcoin_hash_engine_67 |       1235 |       1235 |       0 |    0 |   1763 |      0 |      0 |    0 |          0 |
|           u_core                           |                        miner_system_miner_0_0_sha256_core_fabric_243 |       1525 |       1525 |       0 |    0 |   1649 |      0 |      0 |    0 |          0 |
|             u_core                         |                     miner_system_miner_0_0_sha256_core_iterative_244 |       1525 |       1525 |       0 |    0 |   1649 |      0 |      0 |    0 |          0 |
|         g_engines[47].u_engine             |                        miner_system_miner_0_0_bitcoin_hash_engine_68 |       3013 |       3013 |       0 |    0 |   3411 |      0 |      0 |    0 |          0 |
|           (g_engines[47].u_engine)         |                        miner_system_miner_0_0_bitcoin_hash_engine_68 |       1485 |       1485 |       0 |    0 |   1762 |      0 |      0 |    0 |          0 |
|           u_core                           |                        miner_system_miner_0_0_sha256_core_fabric_241 |       1533 |       1533 |       0 |    0 |   1649 |      0 |      0 |    0 |          0 |
|             u_core                         |                     miner_system_miner_0_0_sha256_core_iterative_242 |       1533 |       1533 |       0 |    0 |   1649 |      0 |      0 |    0 |          0 |
|         g_engines[48].u_engine             |                        miner_system_miner_0_0_bitcoin_hash_engine_69 |       3856 |       3856 |       0 |    0 |   3411 |      0 |      0 |    0 |          0 |
|           (g_engines[48].u_engine)         |                        miner_system_miner_0_0_bitcoin_hash_engine_69 |       2335 |       2335 |       0 |    0 |   1762 |      0 |      0 |    0 |          0 |
|           u_core                           |                        miner_system_miner_0_0_sha256_core_fabric_239 |       1527 |       1527 |       0 |    0 |   1649 |      0 |      0 |    0 |          0 |
|             u_core                         |                     miner_system_miner_0_0_sha256_core_iterative_240 |       1527 |       1527 |       0 |    0 |   1649 |      0 |      0 |    0 |          0 |
|         g_engines[49].u_engine             |                        miner_system_miner_0_0_bitcoin_hash_engine_70 |       2767 |       2767 |       0 |    0 |   3411 |      0 |      0 |    0 |          0 |
|           (g_engines[49].u_engine)         |                        miner_system_miner_0_0_bitcoin_hash_engine_70 |       1229 |       1229 |       0 |    0 |   1762 |      0 |      0 |    0 |          0 |
|           u_core                           |                        miner_system_miner_0_0_sha256_core_fabric_237 |       1540 |       1540 |       0 |    0 |   1649 |      0 |      0 |    0 |          0 |
|             u_core                         |                     miner_system_miner_0_0_sha256_core_iterative_238 |       1540 |       1540 |       0 |    0 |   1649 |      0 |      0 |    0 |          0 |
|         g_engines[4].u_engine              |                        miner_system_miner_0_0_bitcoin_hash_engine_71 |       2759 |       2759 |       0 |    0 |   3423 |      0 |      0 |    0 |          0 |
|           (g_engines[4].u_engine)          |                        miner_system_miner_0_0_bitcoin_hash_engine_71 |       1241 |       1241 |       0 |    0 |   1774 |      0 |      0 |    0 |          0 |
|           u_core                           |                        miner_system_miner_0_0_sha256_core_fabric_235 |       1522 |       1522 |       0 |    0 |   1649 |      0 |      0 |    0 |          0 |
|             u_core                         |                     miner_system_miner_0_0_sha256_core_iterative_236 |       1522 |       1522 |       0 |    0 |   1649 |      0 |      0 |    0 |          0 |
|         g_engines[50].u_engine             |                        miner_system_miner_0_0_bitcoin_hash_engine_72 |       2760 |       2760 |       0 |    0 |   3411 |      0 |      0 |    0 |          0 |
|           (g_engines[50].u_engine)         |                        miner_system_miner_0_0_bitcoin_hash_engine_72 |       1228 |       1228 |       0 |    0 |   1762 |      0 |      0 |    0 |          0 |
|           u_core                           |                        miner_system_miner_0_0_sha256_core_fabric_233 |       1537 |       1537 |       0 |    0 |   1649 |      0 |      0 |    0 |          0 |
|             u_core                         |                     miner_system_miner_0_0_sha256_core_iterative_234 |       1537 |       1537 |       0 |    0 |   1649 |      0 |      0 |    0 |          0 |
|         g_engines[51].u_engine             |                        miner_system_miner_0_0_bitcoin_hash_engine_73 |       2779 |       2779 |       0 |    0 |   3411 |      0 |      0 |    0 |          0 |
|           (g_engines[51].u_engine)         |                        miner_system_miner_0_0_bitcoin_hash_engine_73 |       1259 |       1259 |       0 |    0 |   1762 |      0 |      0 |    0 |          0 |
|           u_core                           |                        miner_system_miner_0_0_sha256_core_fabric_231 |       1527 |       1527 |       0 |    0 |   1649 |      0 |      0 |    0 |          0 |
|             u_core                         |                     miner_system_miner_0_0_sha256_core_iterative_232 |       1527 |       1527 |       0 |    0 |   1649 |      0 |      0 |    0 |          0 |
|         g_engines[52].u_engine             |                        miner_system_miner_0_0_bitcoin_hash_engine_74 |       2743 |       2743 |       0 |    0 |   3411 |      0 |      0 |    0 |          0 |
|           (g_engines[52].u_engine)         |                        miner_system_miner_0_0_bitcoin_hash_engine_74 |       1236 |       1236 |       0 |    0 |   1762 |      0 |      0 |    0 |          0 |
|           u_core                           |                        miner_system_miner_0_0_sha256_core_fabric_229 |       1511 |       1511 |       0 |    0 |   1649 |      0 |      0 |    0 |          0 |
|             u_core                         |                     miner_system_miner_0_0_sha256_core_iterative_230 |       1511 |       1511 |       0 |    0 |   1649 |      0 |      0 |    0 |          0 |
|         g_engines[53].u_engine             |                        miner_system_miner_0_0_bitcoin_hash_engine_75 |       2745 |       2745 |       0 |    0 |   3411 |      0 |      0 |    0 |          0 |
|           (g_engines[53].u_engine)         |                        miner_system_miner_0_0_bitcoin_hash_engine_75 |       1228 |       1228 |       0 |    0 |   1762 |      0 |      0 |    0 |          0 |
|           u_core                           |                        miner_system_miner_0_0_sha256_core_fabric_227 |       1523 |       1523 |       0 |    0 |   1649 |      0 |      0 |    0 |          0 |
|             u_core                         |                     miner_system_miner_0_0_sha256_core_iterative_228 |       1523 |       1523 |       0 |    0 |   1649 |      0 |      0 |    0 |          0 |
|         g_engines[54].u_engine             |                        miner_system_miner_0_0_bitcoin_hash_engine_76 |       2741 |       2741 |       0 |    0 |   3411 |      0 |      0 |    0 |          0 |
|           (g_engines[54].u_engine)         |                        miner_system_miner_0_0_bitcoin_hash_engine_76 |       1228 |       1228 |       0 |    0 |   1762 |      0 |      0 |    0 |          0 |
|           u_core                           |                        miner_system_miner_0_0_sha256_core_fabric_225 |       1520 |       1520 |       0 |    0 |   1649 |      0 |      0 |    0 |          0 |
|             u_core                         |                     miner_system_miner_0_0_sha256_core_iterative_226 |       1520 |       1520 |       0 |    0 |   1649 |      0 |      0 |    0 |          0 |
|         g_engines[55].u_engine             |                        miner_system_miner_0_0_bitcoin_hash_engine_77 |       2998 |       2998 |       0 |    0 |   3411 |      0 |      0 |    0 |          0 |
|           (g_engines[55].u_engine)         |                        miner_system_miner_0_0_bitcoin_hash_engine_77 |       1486 |       1486 |       0 |    0 |   1762 |      0 |      0 |    0 |          0 |
|           u_core                           |                        miner_system_miner_0_0_sha256_core_fabric_223 |       1520 |       1520 |       0 |    0 |   1649 |      0 |      0 |    0 |          0 |
|             u_core                         |                     miner_system_miner_0_0_sha256_core_iterative_224 |       1520 |       1520 |       0 |    0 |   1649 |      0 |      0 |    0 |          0 |
|         g_engines[56].u_engine             |                        miner_system_miner_0_0_bitcoin_hash_engine_78 |       3051 |       3051 |       0 |    0 |   3412 |      0 |      0 |    0 |          0 |
|           (g_engines[56].u_engine)         |                        miner_system_miner_0_0_bitcoin_hash_engine_78 |       1536 |       1536 |       0 |    0 |   1763 |      0 |      0 |    0 |          0 |
|           u_core                           |                        miner_system_miner_0_0_sha256_core_fabric_221 |       1521 |       1521 |       0 |    0 |   1649 |      0 |      0 |    0 |          0 |
|             u_core                         |                     miner_system_miner_0_0_sha256_core_iterative_222 |       1521 |       1521 |       0 |    0 |   1649 |      0 |      0 |    0 |          0 |
|         g_engines[57].u_engine             |                        miner_system_miner_0_0_bitcoin_hash_engine_79 |       2741 |       2741 |       0 |    0 |   3411 |      0 |      0 |    0 |          0 |
|           (g_engines[57].u_engine)         |                        miner_system_miner_0_0_bitcoin_hash_engine_79 |       1225 |       1225 |       0 |    0 |   1762 |      0 |      0 |    0 |          0 |
|           u_core                           |                        miner_system_miner_0_0_sha256_core_fabric_219 |       1523 |       1523 |       0 |    0 |   1649 |      0 |      0 |    0 |          0 |
|             u_core                         |                     miner_system_miner_0_0_sha256_core_iterative_220 |       1523 |       1523 |       0 |    0 |   1649 |      0 |      0 |    0 |          0 |
|         g_engines[58].u_engine             |                        miner_system_miner_0_0_bitcoin_hash_engine_80 |       2736 |       2736 |       0 |    0 |   3411 |      0 |      0 |    0 |          0 |
|           (g_engines[58].u_engine)         |                        miner_system_miner_0_0_bitcoin_hash_engine_80 |       1224 |       1224 |       0 |    0 |   1762 |      0 |      0 |    0 |          0 |
|           u_core                           |                        miner_system_miner_0_0_sha256_core_fabric_217 |       1518 |       1518 |       0 |    0 |   1649 |      0 |      0 |    0 |          0 |
|             u_core                         |                     miner_system_miner_0_0_sha256_core_iterative_218 |       1518 |       1518 |       0 |    0 |   1649 |      0 |      0 |    0 |          0 |
|         g_engines[59].u_engine             |                        miner_system_miner_0_0_bitcoin_hash_engine_81 |       2783 |       2783 |       0 |    0 |   3411 |      0 |      0 |    0 |          0 |
|           (g_engines[59].u_engine)         |                        miner_system_miner_0_0_bitcoin_hash_engine_81 |       1265 |       1265 |       0 |    0 |   1762 |      0 |      0 |    0 |          0 |
|           u_core                           |                        miner_system_miner_0_0_sha256_core_fabric_215 |       1527 |       1527 |       0 |    0 |   1649 |      0 |      0 |    0 |          0 |
|             u_core                         |                     miner_system_miner_0_0_sha256_core_iterative_216 |       1527 |       1527 |       0 |    0 |   1649 |      0 |      0 |    0 |          0 |
|         g_engines[5].u_engine              |                        miner_system_miner_0_0_bitcoin_hash_engine_82 |       2773 |       2773 |       0 |    0 |   3423 |      0 |      0 |    0 |          0 |
|           (g_engines[5].u_engine)          |                        miner_system_miner_0_0_bitcoin_hash_engine_82 |       1249 |       1249 |       0 |    0 |   1774 |      0 |      0 |    0 |          0 |
|           u_core                           |                        miner_system_miner_0_0_sha256_core_fabric_213 |       1527 |       1527 |       0 |    0 |   1649 |      0 |      0 |    0 |          0 |
|             u_core                         |                     miner_system_miner_0_0_sha256_core_iterative_214 |       1527 |       1527 |       0 |    0 |   1649 |      0 |      0 |    0 |          0 |
|         g_engines[60].u_engine             |                        miner_system_miner_0_0_bitcoin_hash_engine_83 |       2733 |       2733 |       0 |    0 |   3411 |      0 |      0 |    0 |          0 |
|           (g_engines[60].u_engine)         |                        miner_system_miner_0_0_bitcoin_hash_engine_83 |       1227 |       1227 |       0 |    0 |   1762 |      0 |      0 |    0 |          0 |
|           u_core                           |                        miner_system_miner_0_0_sha256_core_fabric_211 |       1512 |       1512 |       0 |    0 |   1649 |      0 |      0 |    0 |          0 |
|             u_core                         |                     miner_system_miner_0_0_sha256_core_iterative_212 |       1512 |       1512 |       0 |    0 |   1649 |      0 |      0 |    0 |          0 |
|         g_engines[61].u_engine             |                        miner_system_miner_0_0_bitcoin_hash_engine_84 |       2750 |       2750 |       0 |    0 |   3412 |      0 |      0 |    0 |          0 |
|           (g_engines[61].u_engine)         |                        miner_system_miner_0_0_bitcoin_hash_engine_84 |       1226 |       1226 |       0 |    0 |   1763 |      0 |      0 |    0 |          0 |
|           u_core                           |                        miner_system_miner_0_0_sha256_core_fabric_209 |       1528 |       1528 |       0 |    0 |   1649 |      0 |      0 |    0 |          0 |
|             u_core                         |                     miner_system_miner_0_0_sha256_core_iterative_210 |       1528 |       1528 |       0 |    0 |   1649 |      0 |      0 |    0 |          0 |
|         g_engines[62].u_engine             |                        miner_system_miner_0_0_bitcoin_hash_engine_85 |       2755 |       2755 |       0 |    0 |   3412 |      0 |      0 |    0 |          0 |
|           (g_engines[62].u_engine)         |                        miner_system_miner_0_0_bitcoin_hash_engine_85 |       1227 |       1227 |       0 |    0 |   1763 |      0 |      0 |    0 |          0 |
|           u_core                           |                        miner_system_miner_0_0_sha256_core_fabric_207 |       1534 |       1534 |       0 |    0 |   1649 |      0 |      0 |    0 |          0 |
|             u_core                         |                     miner_system_miner_0_0_sha256_core_iterative_208 |       1534 |       1534 |       0 |    0 |   1649 |      0 |      0 |    0 |          0 |
|         g_engines[63].u_engine             |                        miner_system_miner_0_0_bitcoin_hash_engine_86 |       3003 |       3003 |       0 |    0 |   3412 |      0 |      0 |    0 |          0 |
|           (g_engines[63].u_engine)         |                        miner_system_miner_0_0_bitcoin_hash_engine_86 |       1483 |       1483 |       0 |    0 |   1763 |      0 |      0 |    0 |          0 |
|           u_core                           |                        miner_system_miner_0_0_sha256_core_fabric_205 |       1528 |       1528 |       0 |    0 |   1649 |      0 |      0 |    0 |          0 |
|             u_core                         |                     miner_system_miner_0_0_sha256_core_iterative_206 |       1528 |       1528 |       0 |    0 |   1649 |      0 |      0 |    0 |          0 |
|         g_engines[64].u_engine             |                        miner_system_miner_0_0_bitcoin_hash_engine_87 |       2744 |       2744 |       0 |    0 |   3412 |      0 |      0 |    0 |          0 |
|           (g_engines[64].u_engine)         |                        miner_system_miner_0_0_bitcoin_hash_engine_87 |       1224 |       1224 |       0 |    0 |   1763 |      0 |      0 |    0 |          0 |
|           u_core                           |                        miner_system_miner_0_0_sha256_core_fabric_203 |       1529 |       1529 |       0 |    0 |   1649 |      0 |      0 |    0 |          0 |
|             u_core                         |                     miner_system_miner_0_0_sha256_core_iterative_204 |       1529 |       1529 |       0 |    0 |   1649 |      0 |      0 |    0 |          0 |
|         g_engines[65].u_engine             |                        miner_system_miner_0_0_bitcoin_hash_engine_88 |       2752 |       2752 |       0 |    0 |   3413 |      0 |      0 |    0 |          0 |
|           (g_engines[65].u_engine)         |                        miner_system_miner_0_0_bitcoin_hash_engine_88 |       1232 |       1232 |       0 |    0 |   1764 |      0 |      0 |    0 |          0 |
|           u_core                           |                        miner_system_miner_0_0_sha256_core_fabric_201 |       1524 |       1524 |       0 |    0 |   1649 |      0 |      0 |    0 |          0 |
|             u_core                         |                     miner_system_miner_0_0_sha256_core_iterative_202 |       1524 |       1524 |       0 |    0 |   1649 |      0 |      0 |    0 |          0 |
|         g_engines[66].u_engine             |                        miner_system_miner_0_0_bitcoin_hash_engine_89 |       2772 |       2772 |       0 |    0 |   3412 |      0 |      0 |    0 |          0 |
|           (g_engines[66].u_engine)         |                        miner_system_miner_0_0_bitcoin_hash_engine_89 |       1262 |       1262 |       0 |    0 |   1763 |      0 |      0 |    0 |          0 |
|           u_core                           |                        miner_system_miner_0_0_sha256_core_fabric_199 |       1518 |       1518 |       0 |    0 |   1649 |      0 |      0 |    0 |          0 |
|             u_core                         |                     miner_system_miner_0_0_sha256_core_iterative_200 |       1518 |       1518 |       0 |    0 |   1649 |      0 |      0 |    0 |          0 |
|         g_engines[67].u_engine             |                        miner_system_miner_0_0_bitcoin_hash_engine_90 |       3131 |       3131 |       0 |    0 |   3413 |      0 |      0 |    0 |          0 |
|           (g_engines[67].u_engine)         |                        miner_system_miner_0_0_bitcoin_hash_engine_90 |       1605 |       1605 |       0 |    0 |   1764 |      0 |      0 |    0 |          0 |
|           u_core                           |                        miner_system_miner_0_0_sha256_core_fabric_197 |       1534 |       1534 |       0 |    0 |   1649 |      0 |      0 |    0 |          0 |
|             u_core                         |                     miner_system_miner_0_0_sha256_core_iterative_198 |       1534 |       1534 |       0 |    0 |   1649 |      0 |      0 |    0 |          0 |
|         g_engines[68].u_engine             |                        miner_system_miner_0_0_bitcoin_hash_engine_91 |       2750 |       2750 |       0 |    0 |   3412 |      0 |      0 |    0 |          0 |
|           (g_engines[68].u_engine)         |                        miner_system_miner_0_0_bitcoin_hash_engine_91 |       1230 |       1230 |       0 |    0 |   1763 |      0 |      0 |    0 |          0 |
|           u_core                           |                        miner_system_miner_0_0_sha256_core_fabric_195 |       1523 |       1523 |       0 |    0 |   1649 |      0 |      0 |    0 |          0 |
|             u_core                         |                     miner_system_miner_0_0_sha256_core_iterative_196 |       1523 |       1523 |       0 |    0 |   1649 |      0 |      0 |    0 |          0 |
|         g_engines[69].u_engine             |                        miner_system_miner_0_0_bitcoin_hash_engine_92 |       2751 |       2751 |       0 |    0 |   3412 |      0 |      0 |    0 |          0 |
|           (g_engines[69].u_engine)         |                        miner_system_miner_0_0_bitcoin_hash_engine_92 |       1230 |       1230 |       0 |    0 |   1763 |      0 |      0 |    0 |          0 |
|           u_core                           |                        miner_system_miner_0_0_sha256_core_fabric_193 |       1526 |       1526 |       0 |    0 |   1649 |      0 |      0 |    0 |          0 |
|             u_core                         |                     miner_system_miner_0_0_sha256_core_iterative_194 |       1526 |       1526 |       0 |    0 |   1649 |      0 |      0 |    0 |          0 |
|         g_engines[6].u_engine              |                        miner_system_miner_0_0_bitcoin_hash_engine_93 |       2757 |       2757 |       0 |    0 |   3412 |      0 |      0 |    0 |          0 |
|           (g_engines[6].u_engine)          |                        miner_system_miner_0_0_bitcoin_hash_engine_93 |       1232 |       1232 |       0 |    0 |   1763 |      0 |      0 |    0 |          0 |
|           u_core                           |                        miner_system_miner_0_0_sha256_core_fabric_191 |       1527 |       1527 |       0 |    0 |   1649 |      0 |      0 |    0 |          0 |
|             u_core                         |                     miner_system_miner_0_0_sha256_core_iterative_192 |       1527 |       1527 |       0 |    0 |   1649 |      0 |      0 |    0 |          0 |
|         g_engines[70].u_engine             |                        miner_system_miner_0_0_bitcoin_hash_engine_94 |       2761 |       2761 |       0 |    0 |   3412 |      0 |      0 |    0 |          0 |
|           (g_engines[70].u_engine)         |                        miner_system_miner_0_0_bitcoin_hash_engine_94 |       1230 |       1230 |       0 |    0 |   1763 |      0 |      0 |    0 |          0 |
|           u_core                           |                        miner_system_miner_0_0_sha256_core_fabric_189 |       1539 |       1539 |       0 |    0 |   1649 |      0 |      0 |    0 |          0 |
|             u_core                         |                     miner_system_miner_0_0_sha256_core_iterative_190 |       1539 |       1539 |       0 |    0 |   1649 |      0 |      0 |    0 |          0 |
|         g_engines[71].u_engine             |                        miner_system_miner_0_0_bitcoin_hash_engine_95 |       3046 |       3046 |       0 |    0 |   3467 |      0 |      0 |    0 |          0 |
|           (g_engines[71].u_engine)         |                        miner_system_miner_0_0_bitcoin_hash_engine_95 |       1538 |       1538 |       0 |    0 |   1781 |      0 |      0 |    0 |          0 |
|           u_core                           |                        miner_system_miner_0_0_sha256_core_fabric_187 |       1515 |       1515 |       0 |    0 |   1686 |      0 |      0 |    0 |          0 |
|             u_core                         |                     miner_system_miner_0_0_sha256_core_iterative_188 |       1515 |       1515 |       0 |    0 |   1686 |      0 |      0 |    0 |          0 |
|         g_engines[72].u_engine             |                        miner_system_miner_0_0_bitcoin_hash_engine_96 |       2732 |       2732 |       0 |    0 |   3407 |      0 |      0 |    0 |          0 |
|           (g_engines[72].u_engine)         |                        miner_system_miner_0_0_bitcoin_hash_engine_96 |       1225 |       1225 |       0 |    0 |   1758 |      0 |      0 |    0 |          0 |
|           u_core                           |                        miner_system_miner_0_0_sha256_core_fabric_185 |       1510 |       1510 |       0 |    0 |   1649 |      0 |      0 |    0 |          0 |
|             u_core                         |                     miner_system_miner_0_0_sha256_core_iterative_186 |       1510 |       1510 |       0 |    0 |   1649 |      0 |      0 |    0 |          0 |
|         g_engines[73].u_engine             |                        miner_system_miner_0_0_bitcoin_hash_engine_97 |       2742 |       2742 |       0 |    0 |   3406 |      0 |      0 |    0 |          0 |
|           (g_engines[73].u_engine)         |                        miner_system_miner_0_0_bitcoin_hash_engine_97 |       1227 |       1227 |       0 |    0 |   1757 |      0 |      0 |    0 |          0 |
|           u_core                           |                        miner_system_miner_0_0_sha256_core_fabric_183 |       1520 |       1520 |       0 |    0 |   1649 |      0 |      0 |    0 |          0 |
|             u_core                         |                     miner_system_miner_0_0_sha256_core_iterative_184 |       1520 |       1520 |       0 |    0 |   1649 |      0 |      0 |    0 |          0 |
|         g_engines[74].u_engine             |                        miner_system_miner_0_0_bitcoin_hash_engine_98 |       2786 |       2786 |       0 |    0 |   3407 |      0 |      0 |    0 |          0 |
|           (g_engines[74].u_engine)         |                        miner_system_miner_0_0_bitcoin_hash_engine_98 |       1258 |       1258 |       0 |    0 |   1758 |      0 |      0 |    0 |          0 |
|           u_core                           |                        miner_system_miner_0_0_sha256_core_fabric_181 |       1534 |       1534 |       0 |    0 |   1649 |      0 |      0 |    0 |          0 |
|             u_core                         |                     miner_system_miner_0_0_sha256_core_iterative_182 |       1534 |       1534 |       0 |    0 |   1649 |      0 |      0 |    0 |          0 |
|         g_engines[75].u_engine             |                        miner_system_miner_0_0_bitcoin_hash_engine_99 |       3027 |       3027 |       0 |    0 |   3406 |      0 |      0 |    0 |          0 |
|           (g_engines[75].u_engine)         |                        miner_system_miner_0_0_bitcoin_hash_engine_99 |       1513 |       1513 |       0 |    0 |   1757 |      0 |      0 |    0 |          0 |
|           u_core                           |                        miner_system_miner_0_0_sha256_core_fabric_179 |       1516 |       1516 |       0 |    0 |   1649 |      0 |      0 |    0 |          0 |
|             u_core                         |                     miner_system_miner_0_0_sha256_core_iterative_180 |       1516 |       1516 |       0 |    0 |   1649 |      0 |      0 |    0 |          0 |
|         g_engines[76].u_engine             |                       miner_system_miner_0_0_bitcoin_hash_engine_100 |       2779 |       2779 |       0 |    0 |   3407 |      0 |      0 |    0 |          0 |
|           (g_engines[76].u_engine)         |                       miner_system_miner_0_0_bitcoin_hash_engine_100 |       1248 |       1248 |       0 |    0 |   1758 |      0 |      0 |    0 |          0 |
|           u_core                           |                        miner_system_miner_0_0_sha256_core_fabric_177 |       1537 |       1537 |       0 |    0 |   1649 |      0 |      0 |    0 |          0 |
|             u_core                         |                     miner_system_miner_0_0_sha256_core_iterative_178 |       1537 |       1537 |       0 |    0 |   1649 |      0 |      0 |    0 |          0 |
|         g_engines[77].u_engine             |                       miner_system_miner_0_0_bitcoin_hash_engine_101 |       2805 |       2805 |       0 |    0 |   3444 |      0 |      0 |    0 |          0 |
|           (g_engines[77].u_engine)         |                       miner_system_miner_0_0_bitcoin_hash_engine_101 |       1264 |       1264 |       0 |    0 |   1758 |      0 |      0 |    0 |          0 |
|           u_core                           |                        miner_system_miner_0_0_sha256_core_fabric_175 |       1544 |       1544 |       0 |    0 |   1686 |      0 |      0 |    0 |          0 |
|             u_core                         |                     miner_system_miner_0_0_sha256_core_iterative_176 |       1544 |       1544 |       0 |    0 |   1686 |      0 |      0 |    0 |          0 |
|         g_engines[78].u_engine             |                       miner_system_miner_0_0_bitcoin_hash_engine_102 |       2765 |       2765 |       0 |    0 |   3407 |      0 |      0 |    0 |          0 |
|           (g_engines[78].u_engine)         |                       miner_system_miner_0_0_bitcoin_hash_engine_102 |       1232 |       1232 |       0 |    0 |   1758 |      0 |      0 |    0 |          0 |
|           u_core                           |                        miner_system_miner_0_0_sha256_core_fabric_173 |       1542 |       1542 |       0 |    0 |   1649 |      0 |      0 |    0 |          0 |
|             u_core                         |                     miner_system_miner_0_0_sha256_core_iterative_174 |       1542 |       1542 |       0 |    0 |   1649 |      0 |      0 |    0 |          0 |
|         g_engines[79].u_engine             |                       miner_system_miner_0_0_bitcoin_hash_engine_103 |       3015 |       3015 |       0 |    0 |   3406 |      0 |      0 |    0 |          0 |
|           (g_engines[79].u_engine)         |                       miner_system_miner_0_0_bitcoin_hash_engine_103 |       1484 |       1484 |       0 |    0 |   1757 |      0 |      0 |    0 |          0 |
|           u_core                           |                        miner_system_miner_0_0_sha256_core_fabric_171 |       1534 |       1534 |       0 |    0 |   1649 |      0 |      0 |    0 |          0 |
|             u_core                         |                     miner_system_miner_0_0_sha256_core_iterative_172 |       1534 |       1534 |       0 |    0 |   1649 |      0 |      0 |    0 |          0 |
|         g_engines[7].u_engine              |                       miner_system_miner_0_0_bitcoin_hash_engine_104 |       2767 |       2767 |       0 |    0 |   3414 |      0 |      0 |    0 |          0 |
|           (g_engines[7].u_engine)          |                       miner_system_miner_0_0_bitcoin_hash_engine_104 |       1237 |       1237 |       0 |    0 |   1765 |      0 |      0 |    0 |          0 |
|           u_core                           |                        miner_system_miner_0_0_sha256_core_fabric_169 |       1533 |       1533 |       0 |    0 |   1649 |      0 |      0 |    0 |          0 |
|             u_core                         |                     miner_system_miner_0_0_sha256_core_iterative_170 |       1533 |       1533 |       0 |    0 |   1649 |      0 |      0 |    0 |          0 |
|         g_engines[80].u_engine             |                       miner_system_miner_0_0_bitcoin_hash_engine_105 |       3860 |       3860 |       0 |    0 |   3406 |      0 |      0 |    0 |          0 |
|           (g_engines[80].u_engine)         |                       miner_system_miner_0_0_bitcoin_hash_engine_105 |       2334 |       2334 |       0 |    0 |   1757 |      0 |      0 |    0 |          0 |
|           u_core                           |                        miner_system_miner_0_0_sha256_core_fabric_167 |       1529 |       1529 |       0 |    0 |   1649 |      0 |      0 |    0 |          0 |
|             u_core                         |                     miner_system_miner_0_0_sha256_core_iterative_168 |       1529 |       1529 |       0 |    0 |   1649 |      0 |      0 |    0 |          0 |
|         g_engines[81].u_engine             |                       miner_system_miner_0_0_bitcoin_hash_engine_106 |       2839 |       2839 |       0 |    0 |   3526 |      0 |      0 |    0 |          0 |
|           (g_engines[81].u_engine)         |                       miner_system_miner_0_0_bitcoin_hash_engine_106 |       1314 |       1314 |       0 |    0 |   1840 |      0 |      0 |    0 |          0 |
|           u_core                           |                        miner_system_miner_0_0_sha256_core_fabric_165 |       1529 |       1529 |       0 |    0 |   1686 |      0 |      0 |    0 |          0 |
|             u_core                         |                     miner_system_miner_0_0_sha256_core_iterative_166 |       1529 |       1529 |       0 |    0 |   1686 |      0 |      0 |    0 |          0 |
|         g_engines[82].u_engine             |                       miner_system_miner_0_0_bitcoin_hash_engine_107 |       2769 |       2769 |       0 |    0 |   3449 |      0 |      0 |    0 |          0 |
|           (g_engines[82].u_engine)         |                       miner_system_miner_0_0_bitcoin_hash_engine_107 |       1253 |       1253 |       0 |    0 |   1763 |      0 |      0 |    0 |          0 |
|           u_core                           |                        miner_system_miner_0_0_sha256_core_fabric_163 |       1519 |       1519 |       0 |    0 |   1686 |      0 |      0 |    0 |          0 |
|             u_core                         |                     miner_system_miner_0_0_sha256_core_iterative_164 |       1519 |       1519 |       0 |    0 |   1686 |      0 |      0 |    0 |          0 |
|         g_engines[83].u_engine             |                       miner_system_miner_0_0_bitcoin_hash_engine_108 |       2772 |       2772 |       0 |    0 |   3412 |      0 |      0 |    0 |          0 |
|           (g_engines[83].u_engine)         |                       miner_system_miner_0_0_bitcoin_hash_engine_108 |       1261 |       1261 |       0 |    0 |   1763 |      0 |      0 |    0 |          0 |
|           u_core                           |                        miner_system_miner_0_0_sha256_core_fabric_161 |       1520 |       1520 |       0 |    0 |   1649 |      0 |      0 |    0 |          0 |
|             u_core                         |                     miner_system_miner_0_0_sha256_core_iterative_162 |       1520 |       1520 |       0 |    0 |   1649 |      0 |      0 |    0 |          0 |
|         g_engines[84].u_engine             |                       miner_system_miner_0_0_bitcoin_hash_engine_109 |       2748 |       2748 |       0 |    0 |   3411 |      0 |      0 |    0 |          0 |
|           (g_engines[84].u_engine)         |                       miner_system_miner_0_0_bitcoin_hash_engine_109 |       1233 |       1233 |       0 |    0 |   1762 |      0 |      0 |    0 |          0 |
|           u_core                           |                        miner_system_miner_0_0_sha256_core_fabric_159 |       1518 |       1518 |       0 |    0 |   1649 |      0 |      0 |    0 |          0 |
|             u_core                         |                     miner_system_miner_0_0_sha256_core_iterative_160 |       1518 |       1518 |       0 |    0 |   1649 |      0 |      0 |    0 |          0 |
|         g_engines[85].u_engine             |                       miner_system_miner_0_0_bitcoin_hash_engine_110 |       2741 |       2741 |       0 |    0 |   3412 |      0 |      0 |    0 |          0 |
|           (g_engines[85].u_engine)         |                       miner_system_miner_0_0_bitcoin_hash_engine_110 |       1231 |       1231 |       0 |    0 |   1763 |      0 |      0 |    0 |          0 |
|           u_core                           |                        miner_system_miner_0_0_sha256_core_fabric_157 |       1512 |       1512 |       0 |    0 |   1649 |      0 |      0 |    0 |          0 |
|             u_core                         |                     miner_system_miner_0_0_sha256_core_iterative_158 |       1512 |       1512 |       0 |    0 |   1649 |      0 |      0 |    0 |          0 |
|         g_engines[86].u_engine             |                       miner_system_miner_0_0_bitcoin_hash_engine_111 |       2742 |       2742 |       0 |    0 |   3412 |      0 |      0 |    0 |          0 |
|           (g_engines[86].u_engine)         |                       miner_system_miner_0_0_bitcoin_hash_engine_111 |       1226 |       1226 |       0 |    0 |   1763 |      0 |      0 |    0 |          0 |
|           u_core                           |                        miner_system_miner_0_0_sha256_core_fabric_155 |       1523 |       1523 |       0 |    0 |   1649 |      0 |      0 |    0 |          0 |
|             u_core                         |                     miner_system_miner_0_0_sha256_core_iterative_156 |       1523 |       1523 |       0 |    0 |   1649 |      0 |      0 |    0 |          0 |
|         g_engines[87].u_engine             |                       miner_system_miner_0_0_bitcoin_hash_engine_112 |       3021 |       3021 |       0 |    0 |   3411 |      0 |      0 |    0 |          0 |
|           (g_engines[87].u_engine)         |                       miner_system_miner_0_0_bitcoin_hash_engine_112 |       1488 |       1488 |       0 |    0 |   1762 |      0 |      0 |    0 |          0 |
|           u_core                           |                        miner_system_miner_0_0_sha256_core_fabric_153 |       1534 |       1534 |       0 |    0 |   1649 |      0 |      0 |    0 |          0 |
|             u_core                         |                     miner_system_miner_0_0_sha256_core_iterative_154 |       1534 |       1534 |       0 |    0 |   1649 |      0 |      0 |    0 |          0 |
|         g_engines[88].u_engine             |                       miner_system_miner_0_0_bitcoin_hash_engine_113 |       3045 |       3045 |       0 |    0 |   3413 |      0 |      0 |    0 |          0 |
|           (g_engines[88].u_engine)         |                       miner_system_miner_0_0_bitcoin_hash_engine_113 |       1534 |       1534 |       0 |    0 |   1764 |      0 |      0 |    0 |          0 |
|           u_core                           |                        miner_system_miner_0_0_sha256_core_fabric_151 |       1518 |       1518 |       0 |    0 |   1649 |      0 |      0 |    0 |          0 |
|             u_core                         |                     miner_system_miner_0_0_sha256_core_iterative_152 |       1518 |       1518 |       0 |    0 |   1649 |      0 |      0 |    0 |          0 |
|         g_engines[89].u_engine             |                       miner_system_miner_0_0_bitcoin_hash_engine_114 |       2750 |       2750 |       0 |    0 |   3406 |      0 |      0 |    0 |          0 |
|           (g_engines[89].u_engine)         |                       miner_system_miner_0_0_bitcoin_hash_engine_114 |       1226 |       1226 |       0 |    0 |   1757 |      0 |      0 |    0 |          0 |
|           u_core                           |                        miner_system_miner_0_0_sha256_core_fabric_149 |       1525 |       1525 |       0 |    0 |   1649 |      0 |      0 |    0 |          0 |
|             u_core                         |                     miner_system_miner_0_0_sha256_core_iterative_150 |       1525 |       1525 |       0 |    0 |   1649 |      0 |      0 |    0 |          0 |
|         g_engines[8].u_engine              |                       miner_system_miner_0_0_bitcoin_hash_engine_115 |       2791 |       2791 |       0 |    0 |   3453 |      0 |      0 |    0 |          0 |
|           (g_engines[8].u_engine)          |                       miner_system_miner_0_0_bitcoin_hash_engine_115 |       1264 |       1264 |       0 |    0 |   1768 |      0 |      0 |    0 |          0 |
|           u_core                           |                        miner_system_miner_0_0_sha256_core_fabric_147 |       1532 |       1532 |       0 |    0 |   1685 |      0 |      0 |    0 |          0 |
|             u_core                         |                     miner_system_miner_0_0_sha256_core_iterative_148 |       1532 |       1532 |       0 |    0 |   1685 |      0 |      0 |    0 |          0 |
|         g_engines[90].u_engine             |                       miner_system_miner_0_0_bitcoin_hash_engine_116 |       2753 |       2753 |       0 |    0 |   3411 |      0 |      0 |    0 |          0 |
|           (g_engines[90].u_engine)         |                       miner_system_miner_0_0_bitcoin_hash_engine_116 |       1227 |       1227 |       0 |    0 |   1762 |      0 |      0 |    0 |          0 |
|           u_core                           |                        miner_system_miner_0_0_sha256_core_fabric_145 |       1530 |       1530 |       0 |    0 |   1649 |      0 |      0 |    0 |          0 |
|             u_core                         |                     miner_system_miner_0_0_sha256_core_iterative_146 |       1530 |       1530 |       0 |    0 |   1649 |      0 |      0 |    0 |          0 |
|         g_engines[91].u_engine             |                       miner_system_miner_0_0_bitcoin_hash_engine_117 |       2814 |       2814 |       0 |    0 |   3444 |      0 |      0 |    0 |          0 |
|           (g_engines[91].u_engine)         |                       miner_system_miner_0_0_bitcoin_hash_engine_117 |       1291 |       1291 |       0 |    0 |   1763 |      0 |      0 |    0 |          0 |
|           u_core                           |                        miner_system_miner_0_0_sha256_core_fabric_143 |       1527 |       1527 |       0 |    0 |   1681 |      0 |      0 |    0 |          0 |
|             u_core                         |                     miner_system_miner_0_0_sha256_core_iterative_144 |       1527 |       1527 |       0 |    0 |   1681 |      0 |      0 |    0 |          0 |
|         g_engines[92].u_engine             |                       miner_system_miner_0_0_bitcoin_hash_engine_118 |       2746 |       2746 |       0 |    0 |   3406 |      0 |      0 |    0 |          0 |
|           (g_engines[92].u_engine)         |                       miner_system_miner_0_0_bitcoin_hash_engine_118 |       1226 |       1226 |       0 |    0 |   1757 |      0 |      0 |    0 |          0 |
|           u_core                           |                        miner_system_miner_0_0_sha256_core_fabric_141 |       1526 |       1526 |       0 |    0 |   1649 |      0 |      0 |    0 |          0 |
|             u_core                         |                     miner_system_miner_0_0_sha256_core_iterative_142 |       1526 |       1526 |       0 |    0 |   1649 |      0 |      0 |    0 |          0 |
|         g_engines[93].u_engine             |                       miner_system_miner_0_0_bitcoin_hash_engine_119 |       2776 |       2776 |       0 |    0 |   3411 |      0 |      0 |    0 |          0 |
|           (g_engines[93].u_engine)         |                       miner_system_miner_0_0_bitcoin_hash_engine_119 |       1228 |       1228 |       0 |    0 |   1762 |      0 |      0 |    0 |          0 |
|           u_core                           |                        miner_system_miner_0_0_sha256_core_fabric_139 |       1554 |       1554 |       0 |    0 |   1649 |      0 |      0 |    0 |          0 |
|             u_core                         |                     miner_system_miner_0_0_sha256_core_iterative_140 |       1554 |       1554 |       0 |    0 |   1649 |      0 |      0 |    0 |          0 |
|         g_engines[94].u_engine             |                       miner_system_miner_0_0_bitcoin_hash_engine_120 |       2782 |       2782 |       0 |    0 |   3412 |      0 |      0 |    0 |          0 |
|           (g_engines[94].u_engine)         |                       miner_system_miner_0_0_bitcoin_hash_engine_120 |       1232 |       1232 |       0 |    0 |   1763 |      0 |      0 |    0 |          0 |
|           u_core                           |                        miner_system_miner_0_0_sha256_core_fabric_137 |       1552 |       1552 |       0 |    0 |   1649 |      0 |      0 |    0 |          0 |
|             u_core                         |                     miner_system_miner_0_0_sha256_core_iterative_138 |       1552 |       1552 |       0 |    0 |   1649 |      0 |      0 |    0 |          0 |
|         g_engines[95].u_engine             |                       miner_system_miner_0_0_bitcoin_hash_engine_121 |       3034 |       3034 |       0 |    0 |   3449 |      0 |      0 |    0 |          0 |
|           (g_engines[95].u_engine)         |                       miner_system_miner_0_0_bitcoin_hash_engine_121 |       1515 |       1515 |       0 |    0 |   1757 |      0 |      0 |    0 |          0 |
|           u_core                           |                        miner_system_miner_0_0_sha256_core_fabric_135 |       1526 |       1526 |       0 |    0 |   1692 |      0 |      0 |    0 |          0 |
|             u_core                         |                     miner_system_miner_0_0_sha256_core_iterative_136 |       1526 |       1526 |       0 |    0 |   1692 |      0 |      0 |    0 |          0 |
|         g_engines[96].u_engine             |                       miner_system_miner_0_0_bitcoin_hash_engine_122 |       2759 |       2759 |       0 |    0 |   3411 |      0 |      0 |    0 |          0 |
|           (g_engines[96].u_engine)         |                       miner_system_miner_0_0_bitcoin_hash_engine_122 |       1229 |       1229 |       0 |    0 |   1762 |      0 |      0 |    0 |          0 |
|           u_core                           |                        miner_system_miner_0_0_sha256_core_fabric_133 |       1535 |       1535 |       0 |    0 |   1649 |      0 |      0 |    0 |          0 |
|             u_core                         |                     miner_system_miner_0_0_sha256_core_iterative_134 |       1535 |       1535 |       0 |    0 |   1649 |      0 |      0 |    0 |          0 |
|         g_engines[97].u_engine             |                       miner_system_miner_0_0_bitcoin_hash_engine_123 |       2760 |       2760 |       0 |    0 |   3419 |      0 |      0 |    0 |          0 |
|           (g_engines[97].u_engine)         |                       miner_system_miner_0_0_bitcoin_hash_engine_123 |       1238 |       1238 |       0 |    0 |   1770 |      0 |      0 |    0 |          0 |
|           u_core                           |                        miner_system_miner_0_0_sha256_core_fabric_131 |       1527 |       1527 |       0 |    0 |   1649 |      0 |      0 |    0 |          0 |
|             u_core                         |                     miner_system_miner_0_0_sha256_core_iterative_132 |       1527 |       1527 |       0 |    0 |   1649 |      0 |      0 |    0 |          0 |
|         g_engines[98].u_engine             |                       miner_system_miner_0_0_bitcoin_hash_engine_124 |       2742 |       2742 |       0 |    0 |   3406 |      0 |      0 |    0 |          0 |
|           (g_engines[98].u_engine)         |                       miner_system_miner_0_0_bitcoin_hash_engine_124 |       1229 |       1229 |       0 |    0 |   1757 |      0 |      0 |    0 |          0 |
|           u_core                           |                        miner_system_miner_0_0_sha256_core_fabric_129 |       1518 |       1518 |       0 |    0 |   1649 |      0 |      0 |    0 |          0 |
|             u_core                         |                     miner_system_miner_0_0_sha256_core_iterative_130 |       1518 |       1518 |       0 |    0 |   1649 |      0 |      0 |    0 |          0 |
|         g_engines[99].u_engine             |                       miner_system_miner_0_0_bitcoin_hash_engine_125 |       3005 |       3005 |       0 |    0 |   3411 |      0 |      0 |    0 |          0 |
|           (g_engines[99].u_engine)         |                       miner_system_miner_0_0_bitcoin_hash_engine_125 |       1483 |       1483 |       0 |    0 |   1762 |      0 |      0 |    0 |          0 |
|           u_core                           |                        miner_system_miner_0_0_sha256_core_fabric_127 |       1525 |       1525 |       0 |    0 |   1649 |      0 |      0 |    0 |          0 |
|             u_core                         |                     miner_system_miner_0_0_sha256_core_iterative_128 |       1525 |       1525 |       0 |    0 |   1649 |      0 |      0 |    0 |          0 |
|         g_engines[9].u_engine              |                       miner_system_miner_0_0_bitcoin_hash_engine_126 |       2770 |       2770 |       0 |    0 |   3442 |      0 |      0 |    0 |          0 |
|           (g_engines[9].u_engine)          |                       miner_system_miner_0_0_bitcoin_hash_engine_126 |       1255 |       1255 |       0 |    0 |   1763 |      0 |      0 |    0 |          0 |
|           u_core                           |                            miner_system_miner_0_0_sha256_core_fabric |       1522 |       1522 |       0 |    0 |   1679 |      0 |      0 |    0 |          0 |
|             u_core                         |                         miner_system_miner_0_0_sha256_core_iterative |       1522 |       1522 |       0 |    0 |   1679 |      0 |      0 |    0 |          0 |
|     axi_smc                                |                                               miner_system_axi_smc_0 |        584 |        584 |       0 |    0 |    740 |      0 |      0 |    0 |          0 |
|       inst                                 |                                       miner_system_axi_smc_0_bd_0e69 |        584 |        584 |       0 |    0 |    740 |      0 |      0 |    0 |          0 |
|         sc_ul                              |                               miner_system_axi_smc_0_bd_0e69_sc_ul_0 |        584 |        584 |       0 |    0 |    740 |      0 |      0 |    0 |          0 |
|           inst                             |                       miner_system_axi_smc_0_sc_ultralite_v1_0_1_top |        584 |        584 |       0 |    0 |    740 |      0 |      0 |    0 |          0 |
|             gen_axi_full_nxm.sasd_inst     |                 miner_system_axi_smc_0_sc_ultralite_v1_0_1_sasd_lite |        584 |        584 |       0 |    0 |    738 |      0 |      0 |    0 |          0 |
|               (gen_axi_full_nxm.sasd_inst) |                 miner_system_axi_smc_0_sc_ultralite_v1_0_1_sasd_lite |        137 |        137 |       0 |    0 |    477 |      0 |      0 |    0 |          0 |
|               gen_read.arctrl_mux          |   miner_system_axi_smc_0_sc_ultralite_v1_0_1_mux_hot__parameterized5 |        136 |        136 |       0 |    0 |     13 |      0 |      0 |    0 |          0 |
|               gen_read.r_m_dwsize_mux      |   miner_system_axi_smc_0_sc_ultralite_v1_0_1_mux_hot__parameterized9 |         98 |         98 |       0 |    0 |      1 |      0 |      0 |    0 |          0 |
|               gen_write.awctrl_mux         | miner_system_axi_smc_0_sc_ultralite_v1_0_1_mux_hot__parameterized5_1 |         56 |         56 |       0 |    0 |     13 |      0 |      0 |    0 |          0 |
|               gen_write.wdata_mux          |   miner_system_axi_smc_0_sc_ultralite_v1_0_1_mux_hot__parameterized1 |         48 |         48 |       0 |    0 |    128 |      0 |      0 |    0 |          0 |
+--------------------------------------------+----------------------------------------------------------------------+------------+------------+---------+------+--------+--------+--------+------+------------+
* Note: The sum of lower-level cells may be larger than their parent cells total, due to cross-hierarchy LUT combining


