Copyright 1986-2022 Xilinx, Inc. All Rights Reserved. Copyright 2022-2026 Advanced Micro Devices, Inc. All Rights Reserved.
----------------------------------------------------------------------------------------------------------------------------------------------
| Tool Version : Vivado v.2026.1 (lin64) Build 6511674 Tue Jun 16 11:01:26 MDT 2026
| Date         : Wed Aug 12 07:01:41 2026
| Host         : NiuBi running 64-bit Ubuntu 24.04.4 LTS
| Command      : report_utilization -file /raid/work/vek280_bitcoin_miner/reports/impl_vek280_4x32_ooc_dsp/utilization_impl.rpt -hierarchical
| Design       : miner_system_wrapper
| Device       : xcve2802-vsvh1760-2MP-e-S
| Speed File   : -2MP
| Design State : Physopt postRoute
----------------------------------------------------------------------------------------------------------------------------------------------

Utilization Design Information

Table of Contents
-----------------
1. Utilization by Hierarchy

1. Utilization by Hierarchy
---------------------------

+--------------------------------------------+-----------------------------------------------------------------------------------+------------+------------+---------+------+--------+--------+--------+------+------------+
|                  Instance                  |                                       Module                                      | Total LUTs | Logic LUTs | LUTRAMs | SRLs |   FFs  | RAMB36 | RAMB18 | URAM | DSP Blocks |
+--------------------------------------------+-----------------------------------------------------------------------------------+------------+------------+---------+------+--------+--------+--------+------+------------+
| miner_system_wrapper                       |                                                                             (top) |     297337 |     297335 |       0 |    2 | 356041 |      0 |      0 |    0 |        384 |
|   miner_system_i                           |                                                                      miner_system |     297337 |     297335 |       0 |    2 | 356041 |      0 |      0 |    0 |        384 |
|     miner_3                                |                                                            miner_system_miner_3_0 |      74037 |      74037 |       0 |    0 |  88480 |      0 |      0 |    0 |         96 |
|       inst                                 |                                                              bitcoin_miner_axi_32 |      74037 |      74037 |       0 |    0 |  88480 |      0 |      0 |    0 |         96 |
|         u_miner                            |                                                                 bitcoin_miner_axi |      74037 |      74037 |       0 |    0 |  88480 |      0 |      0 |    0 |         96 |
|           (u_miner)                        |                                                                 bitcoin_miner_axi |        689 |        689 |       0 |    0 |   2967 |      0 |      0 |    0 |          0 |
|           g_clusters[0].u_result_fifo      |                                                       bitcoin_result_cluster_fifo |        602 |        602 |       0 |    0 |   1289 |      0 |      0 |    0 |          0 |
|           g_engines[0].u_engine            |                                                            bitcoin_hash_engine__1 |       2273 |       2273 |       0 |    0 |   2632 |      0 |      0 |    0 |          3 |
|             (g_engines[0].u_engine)        |                                                            bitcoin_hash_engine__1 |        548 |        548 |       0 |    0 |    979 |      0 |      0 |    0 |          0 |
|             g_explicit_dsp.u_core          |                                               bitcoin_sha256_core_dsp_explicit__1 |       1727 |       1727 |       0 |    0 |   1653 |      0 |      0 |    0 |          3 |
|               (g_explicit_dsp.u_core)      |                                               bitcoin_sha256_core_dsp_explicit__1 |        257 |        257 |       0 |    0 |      0 |      0 |      0 |    0 |          0 |
|               u_core                       |                                                       sha256_core_dsp_explicit__1 |       1470 |       1470 |       0 |    0 |   1653 |      0 |      0 |    0 |          3 |
|                 u_core                     |                                                          sha256_core_iterative__1 |       1470 |       1470 |       0 |    0 |   1653 |      0 |      0 |    0 |          3 |
|                   (u_core)                 |                                                          sha256_core_iterative__1 |       1470 |       1470 |       0 |    0 |   1653 |      0 |      0 |    0 |          0 |
|           g_engines[10].u_engine           |                                                           bitcoin_hash_engine__11 |       2276 |       2276 |       0 |    0 |   2632 |      0 |      0 |    0 |          3 |
|             (g_engines[10].u_engine)       |                                                           bitcoin_hash_engine__11 |        550 |        550 |       0 |    0 |    979 |      0 |      0 |    0 |          0 |
|             g_explicit_dsp.u_core          |                                              bitcoin_sha256_core_dsp_explicit__11 |       1726 |       1726 |       0 |    0 |   1653 |      0 |      0 |    0 |          3 |
|               (g_explicit_dsp.u_core)      |                                              bitcoin_sha256_core_dsp_explicit__11 |        257 |        257 |       0 |    0 |      0 |      0 |      0 |    0 |          0 |
|               u_core                       |                                                      sha256_core_dsp_explicit__11 |       1469 |       1469 |       0 |    0 |   1653 |      0 |      0 |    0 |          3 |
|                 u_core                     |                                                         sha256_core_iterative__11 |       1469 |       1469 |       0 |    0 |   1653 |      0 |      0 |    0 |          3 |
|                   (u_core)                 |                                                         sha256_core_iterative__11 |       1469 |       1469 |       0 |    0 |   1653 |      0 |      0 |    0 |          0 |
|           g_engines[11].u_engine           |                                                           bitcoin_hash_engine__12 |       2278 |       2278 |       0 |    0 |   2632 |      0 |      0 |    0 |          3 |
|             (g_engines[11].u_engine)       |                                                           bitcoin_hash_engine__12 |        552 |        552 |       0 |    0 |    979 |      0 |      0 |    0 |          0 |
|             g_explicit_dsp.u_core          |                                              bitcoin_sha256_core_dsp_explicit__12 |       1727 |       1727 |       0 |    0 |   1653 |      0 |      0 |    0 |          3 |
|               (g_explicit_dsp.u_core)      |                                              bitcoin_sha256_core_dsp_explicit__12 |        257 |        257 |       0 |    0 |      0 |      0 |      0 |    0 |          0 |
|               u_core                       |                                                      sha256_core_dsp_explicit__12 |       1470 |       1470 |       0 |    0 |   1653 |      0 |      0 |    0 |          3 |
|                 u_core                     |                                                         sha256_core_iterative__12 |       1470 |       1470 |       0 |    0 |   1653 |      0 |      0 |    0 |          3 |
|                   (u_core)                 |                                                         sha256_core_iterative__12 |       1470 |       1470 |       0 |    0 |   1653 |      0 |      0 |    0 |          0 |
|           g_engines[12].u_engine           |                                                           bitcoin_hash_engine__13 |       2277 |       2277 |       0 |    0 |   2632 |      0 |      0 |    0 |          3 |
|             (g_engines[12].u_engine)       |                                                           bitcoin_hash_engine__13 |        551 |        551 |       0 |    0 |    979 |      0 |      0 |    0 |          0 |
|             g_explicit_dsp.u_core          |                                              bitcoin_sha256_core_dsp_explicit__13 |       1727 |       1727 |       0 |    0 |   1653 |      0 |      0 |    0 |          3 |
|               (g_explicit_dsp.u_core)      |                                              bitcoin_sha256_core_dsp_explicit__13 |        257 |        257 |       0 |    0 |      0 |      0 |      0 |    0 |          0 |
|               u_core                       |                                                      sha256_core_dsp_explicit__13 |       1470 |       1470 |       0 |    0 |   1653 |      0 |      0 |    0 |          3 |
|                 u_core                     |                                                         sha256_core_iterative__13 |       1470 |       1470 |       0 |    0 |   1653 |      0 |      0 |    0 |          3 |
|                   (u_core)                 |                                                         sha256_core_iterative__13 |       1470 |       1470 |       0 |    0 |   1653 |      0 |      0 |    0 |          0 |
|           g_engines[13].u_engine           |                                                           bitcoin_hash_engine__14 |       2281 |       2281 |       0 |    0 |   2632 |      0 |      0 |    0 |          3 |
|             (g_engines[13].u_engine)       |                                                           bitcoin_hash_engine__14 |        555 |        555 |       0 |    0 |    979 |      0 |      0 |    0 |          0 |
|             g_explicit_dsp.u_core          |                                              bitcoin_sha256_core_dsp_explicit__14 |       1728 |       1728 |       0 |    0 |   1653 |      0 |      0 |    0 |          3 |
|               (g_explicit_dsp.u_core)      |                                              bitcoin_sha256_core_dsp_explicit__14 |        257 |        257 |       0 |    0 |      0 |      0 |      0 |    0 |          0 |
|               u_core                       |                                                      sha256_core_dsp_explicit__14 |       1471 |       1471 |       0 |    0 |   1653 |      0 |      0 |    0 |          3 |
|                 u_core                     |                                                         sha256_core_iterative__14 |       1471 |       1471 |       0 |    0 |   1653 |      0 |      0 |    0 |          3 |
|                   (u_core)                 |                                                         sha256_core_iterative__14 |       1471 |       1471 |       0 |    0 |   1653 |      0 |      0 |    0 |          0 |
|           g_engines[14].u_engine           |                                                           bitcoin_hash_engine__15 |       2283 |       2283 |       0 |    0 |   2632 |      0 |      0 |    0 |          3 |
|             (g_engines[14].u_engine)       |                                                           bitcoin_hash_engine__15 |        557 |        557 |       0 |    0 |    979 |      0 |      0 |    0 |          0 |
|             g_explicit_dsp.u_core          |                                              bitcoin_sha256_core_dsp_explicit__15 |       1726 |       1726 |       0 |    0 |   1653 |      0 |      0 |    0 |          3 |
|               (g_explicit_dsp.u_core)      |                                              bitcoin_sha256_core_dsp_explicit__15 |        257 |        257 |       0 |    0 |      0 |      0 |      0 |    0 |          0 |
|               u_core                       |                                                      sha256_core_dsp_explicit__15 |       1469 |       1469 |       0 |    0 |   1653 |      0 |      0 |    0 |          3 |
|                 u_core                     |                                                         sha256_core_iterative__15 |       1469 |       1469 |       0 |    0 |   1653 |      0 |      0 |    0 |          3 |
|                   (u_core)                 |                                                         sha256_core_iterative__15 |       1469 |       1469 |       0 |    0 |   1653 |      0 |      0 |    0 |          0 |
|           g_engines[15].u_engine           |                                                           bitcoin_hash_engine__16 |       2268 |       2268 |       0 |    0 |   2632 |      0 |      0 |    0 |          3 |
|             (g_engines[15].u_engine)       |                                                           bitcoin_hash_engine__16 |        540 |        540 |       0 |    0 |    979 |      0 |      0 |    0 |          0 |
|             g_explicit_dsp.u_core          |                                              bitcoin_sha256_core_dsp_explicit__16 |       1728 |       1728 |       0 |    0 |   1653 |      0 |      0 |    0 |          3 |
|               (g_explicit_dsp.u_core)      |                                              bitcoin_sha256_core_dsp_explicit__16 |        257 |        257 |       0 |    0 |      0 |      0 |      0 |    0 |          0 |
|               u_core                       |                                                      sha256_core_dsp_explicit__16 |       1471 |       1471 |       0 |    0 |   1653 |      0 |      0 |    0 |          3 |
|                 u_core                     |                                                         sha256_core_iterative__16 |       1471 |       1471 |       0 |    0 |   1653 |      0 |      0 |    0 |          3 |
|                   (u_core)                 |                                                         sha256_core_iterative__16 |       1471 |       1471 |       0 |    0 |   1653 |      0 |      0 |    0 |          0 |
|           g_engines[16].u_engine           |                                                           bitcoin_hash_engine__17 |       2261 |       2261 |       0 |    0 |   2632 |      0 |      0 |    0 |          3 |
|             (g_engines[16].u_engine)       |                                                           bitcoin_hash_engine__17 |        540 |        540 |       0 |    0 |    979 |      0 |      0 |    0 |          0 |
|             g_explicit_dsp.u_core          |                                              bitcoin_sha256_core_dsp_explicit__17 |       1722 |       1722 |       0 |    0 |   1653 |      0 |      0 |    0 |          3 |
|               (g_explicit_dsp.u_core)      |                                              bitcoin_sha256_core_dsp_explicit__17 |        257 |        257 |       0 |    0 |      0 |      0 |      0 |    0 |          0 |
|               u_core                       |                                                      sha256_core_dsp_explicit__17 |       1465 |       1465 |       0 |    0 |   1653 |      0 |      0 |    0 |          3 |
|                 u_core                     |                                                         sha256_core_iterative__17 |       1465 |       1465 |       0 |    0 |   1653 |      0 |      0 |    0 |          3 |
|                   (u_core)                 |                                                         sha256_core_iterative__17 |       1465 |       1465 |       0 |    0 |   1653 |      0 |      0 |    0 |          0 |
|           g_engines[17].u_engine           |                                                           bitcoin_hash_engine__18 |       2271 |       2271 |       0 |    0 |   2632 |      0 |      0 |    0 |          3 |
|             (g_engines[17].u_engine)       |                                                           bitcoin_hash_engine__18 |        548 |        548 |       0 |    0 |    979 |      0 |      0 |    0 |          0 |
|             g_explicit_dsp.u_core          |                                              bitcoin_sha256_core_dsp_explicit__18 |       1725 |       1725 |       0 |    0 |   1653 |      0 |      0 |    0 |          3 |
|               (g_explicit_dsp.u_core)      |                                              bitcoin_sha256_core_dsp_explicit__18 |        257 |        257 |       0 |    0 |      0 |      0 |      0 |    0 |          0 |
|               u_core                       |                                                      sha256_core_dsp_explicit__18 |       1468 |       1468 |       0 |    0 |   1653 |      0 |      0 |    0 |          3 |
|                 u_core                     |                                                         sha256_core_iterative__18 |       1468 |       1468 |       0 |    0 |   1653 |      0 |      0 |    0 |          3 |
|                   (u_core)                 |                                                         sha256_core_iterative__18 |       1468 |       1468 |       0 |    0 |   1653 |      0 |      0 |    0 |          0 |
|           g_engines[18].u_engine           |                                                           bitcoin_hash_engine__19 |       2279 |       2279 |       0 |    0 |   2632 |      0 |      0 |    0 |          3 |
|             (g_engines[18].u_engine)       |                                                           bitcoin_hash_engine__19 |        552 |        552 |       0 |    0 |    979 |      0 |      0 |    0 |          0 |
|             g_explicit_dsp.u_core          |                                              bitcoin_sha256_core_dsp_explicit__19 |       1727 |       1727 |       0 |    0 |   1653 |      0 |      0 |    0 |          3 |
|               (g_explicit_dsp.u_core)      |                                              bitcoin_sha256_core_dsp_explicit__19 |        257 |        257 |       0 |    0 |      0 |      0 |      0 |    0 |          0 |
|               u_core                       |                                                      sha256_core_dsp_explicit__19 |       1470 |       1470 |       0 |    0 |   1653 |      0 |      0 |    0 |          3 |
|                 u_core                     |                                                         sha256_core_iterative__19 |       1470 |       1470 |       0 |    0 |   1653 |      0 |      0 |    0 |          3 |
|                   (u_core)                 |                                                         sha256_core_iterative__19 |       1470 |       1470 |       0 |    0 |   1653 |      0 |      0 |    0 |          0 |
|           g_engines[19].u_engine           |                                                           bitcoin_hash_engine__20 |       2282 |       2282 |       0 |    0 |   2632 |      0 |      0 |    0 |          3 |
|             (g_engines[19].u_engine)       |                                                           bitcoin_hash_engine__20 |        558 |        558 |       0 |    0 |    979 |      0 |      0 |    0 |          0 |
|             g_explicit_dsp.u_core          |                                              bitcoin_sha256_core_dsp_explicit__20 |       1725 |       1725 |       0 |    0 |   1653 |      0 |      0 |    0 |          3 |
|               (g_explicit_dsp.u_core)      |                                              bitcoin_sha256_core_dsp_explicit__20 |        257 |        257 |       0 |    0 |      0 |      0 |      0 |    0 |          0 |
|               u_core                       |                                                      sha256_core_dsp_explicit__20 |       1468 |       1468 |       0 |    0 |   1653 |      0 |      0 |    0 |          3 |
|                 u_core                     |                                                         sha256_core_iterative__20 |       1468 |       1468 |       0 |    0 |   1653 |      0 |      0 |    0 |          3 |
|                   (u_core)                 |                                                         sha256_core_iterative__20 |       1468 |       1468 |       0 |    0 |   1653 |      0 |      0 |    0 |          0 |
|           g_engines[1].u_engine            |                                                            bitcoin_hash_engine__2 |       2270 |       2270 |       0 |    0 |   2632 |      0 |      0 |    0 |          3 |
|             (g_engines[1].u_engine)        |                                                            bitcoin_hash_engine__2 |        543 |        543 |       0 |    0 |    979 |      0 |      0 |    0 |          0 |
|             g_explicit_dsp.u_core          |                                               bitcoin_sha256_core_dsp_explicit__2 |       1727 |       1727 |       0 |    0 |   1653 |      0 |      0 |    0 |          3 |
|               (g_explicit_dsp.u_core)      |                                               bitcoin_sha256_core_dsp_explicit__2 |        257 |        257 |       0 |    0 |      0 |      0 |      0 |    0 |          0 |
|               u_core                       |                                                       sha256_core_dsp_explicit__2 |       1470 |       1470 |       0 |    0 |   1653 |      0 |      0 |    0 |          3 |
|                 u_core                     |                                                          sha256_core_iterative__2 |       1470 |       1470 |       0 |    0 |   1653 |      0 |      0 |    0 |          3 |
|                   (u_core)                 |                                                          sha256_core_iterative__2 |       1470 |       1470 |       0 |    0 |   1653 |      0 |      0 |    0 |          0 |
|           g_engines[20].u_engine           |                                                           bitcoin_hash_engine__21 |       2265 |       2265 |       0 |    0 |   2632 |      0 |      0 |    0 |          3 |
|             (g_engines[20].u_engine)       |                                                           bitcoin_hash_engine__21 |        544 |        544 |       0 |    0 |    979 |      0 |      0 |    0 |          0 |
|             g_explicit_dsp.u_core          |                                              bitcoin_sha256_core_dsp_explicit__21 |       1722 |       1722 |       0 |    0 |   1653 |      0 |      0 |    0 |          3 |
|               (g_explicit_dsp.u_core)      |                                              bitcoin_sha256_core_dsp_explicit__21 |        257 |        257 |       0 |    0 |      0 |      0 |      0 |    0 |          0 |
|               u_core                       |                                                      sha256_core_dsp_explicit__21 |       1465 |       1465 |       0 |    0 |   1653 |      0 |      0 |    0 |          3 |
|                 u_core                     |                                                         sha256_core_iterative__21 |       1465 |       1465 |       0 |    0 |   1653 |      0 |      0 |    0 |          3 |
|                   (u_core)                 |                                                         sha256_core_iterative__21 |       1465 |       1465 |       0 |    0 |   1653 |      0 |      0 |    0 |          0 |
|           g_engines[21].u_engine           |                                                           bitcoin_hash_engine__22 |       2263 |       2263 |       0 |    0 |   2632 |      0 |      0 |    0 |          3 |
|             (g_engines[21].u_engine)       |                                                           bitcoin_hash_engine__22 |        537 |        537 |       0 |    0 |    979 |      0 |      0 |    0 |          0 |
|             g_explicit_dsp.u_core          |                                              bitcoin_sha256_core_dsp_explicit__22 |       1728 |       1728 |       0 |    0 |   1653 |      0 |      0 |    0 |          3 |
|               (g_explicit_dsp.u_core)      |                                              bitcoin_sha256_core_dsp_explicit__22 |        257 |        257 |       0 |    0 |      0 |      0 |      0 |    0 |          0 |
|               u_core                       |                                                      sha256_core_dsp_explicit__22 |       1471 |       1471 |       0 |    0 |   1653 |      0 |      0 |    0 |          3 |
|                 u_core                     |                                                         sha256_core_iterative__22 |       1471 |       1471 |       0 |    0 |   1653 |      0 |      0 |    0 |          3 |
|                   (u_core)                 |                                                         sha256_core_iterative__22 |       1471 |       1471 |       0 |    0 |   1653 |      0 |      0 |    0 |          0 |
|           g_engines[22].u_engine           |                                                           bitcoin_hash_engine__23 |       2275 |       2275 |       0 |    0 |   2632 |      0 |      0 |    0 |          3 |
|             (g_engines[22].u_engine)       |                                                           bitcoin_hash_engine__23 |        552 |        552 |       0 |    0 |    979 |      0 |      0 |    0 |          0 |
|             g_explicit_dsp.u_core          |                                              bitcoin_sha256_core_dsp_explicit__23 |       1724 |       1724 |       0 |    0 |   1653 |      0 |      0 |    0 |          3 |
|               (g_explicit_dsp.u_core)      |                                              bitcoin_sha256_core_dsp_explicit__23 |        257 |        257 |       0 |    0 |      0 |      0 |      0 |    0 |          0 |
|               u_core                       |                                                      sha256_core_dsp_explicit__23 |       1467 |       1467 |       0 |    0 |   1653 |      0 |      0 |    0 |          3 |
|                 u_core                     |                                                         sha256_core_iterative__23 |       1467 |       1467 |       0 |    0 |   1653 |      0 |      0 |    0 |          3 |
|                   (u_core)                 |                                                         sha256_core_iterative__23 |       1467 |       1467 |       0 |    0 |   1653 |      0 |      0 |    0 |          0 |
|           g_engines[23].u_engine           |                                                           bitcoin_hash_engine__24 |       2279 |       2279 |       0 |    0 |   2632 |      0 |      0 |    0 |          3 |
|             (g_engines[23].u_engine)       |                                                           bitcoin_hash_engine__24 |        555 |        555 |       0 |    0 |    979 |      0 |      0 |    0 |          0 |
|             g_explicit_dsp.u_core          |                                              bitcoin_sha256_core_dsp_explicit__24 |       1724 |       1724 |       0 |    0 |   1653 |      0 |      0 |    0 |          3 |
|               (g_explicit_dsp.u_core)      |                                              bitcoin_sha256_core_dsp_explicit__24 |        257 |        257 |       0 |    0 |      0 |      0 |      0 |    0 |          0 |
|               u_core                       |                                                      sha256_core_dsp_explicit__24 |       1467 |       1467 |       0 |    0 |   1653 |      0 |      0 |    0 |          3 |
|                 u_core                     |                                                         sha256_core_iterative__24 |       1467 |       1467 |       0 |    0 |   1653 |      0 |      0 |    0 |          3 |
|                   (u_core)                 |                                                         sha256_core_iterative__24 |       1467 |       1467 |       0 |    0 |   1653 |      0 |      0 |    0 |          0 |
|           g_engines[24].u_engine           |                                                           bitcoin_hash_engine__25 |       2267 |       2267 |       0 |    0 |   2632 |      0 |      0 |    0 |          3 |
|             (g_engines[24].u_engine)       |                                                           bitcoin_hash_engine__25 |        547 |        547 |       0 |    0 |    979 |      0 |      0 |    0 |          0 |
|             g_explicit_dsp.u_core          |                                              bitcoin_sha256_core_dsp_explicit__25 |       1723 |       1723 |       0 |    0 |   1653 |      0 |      0 |    0 |          3 |
|               (g_explicit_dsp.u_core)      |                                              bitcoin_sha256_core_dsp_explicit__25 |        257 |        257 |       0 |    0 |      0 |      0 |      0 |    0 |          0 |
|               u_core                       |                                                      sha256_core_dsp_explicit__25 |       1466 |       1466 |       0 |    0 |   1653 |      0 |      0 |    0 |          3 |
|                 u_core                     |                                                         sha256_core_iterative__25 |       1466 |       1466 |       0 |    0 |   1653 |      0 |      0 |    0 |          3 |
|                   (u_core)                 |                                                         sha256_core_iterative__25 |       1466 |       1466 |       0 |    0 |   1653 |      0 |      0 |    0 |          0 |
|           g_engines[25].u_engine           |                                                           bitcoin_hash_engine__26 |       2274 |       2274 |       0 |    0 |   2632 |      0 |      0 |    0 |          3 |
|             (g_engines[25].u_engine)       |                                                           bitcoin_hash_engine__26 |        547 |        547 |       0 |    0 |    979 |      0 |      0 |    0 |          0 |
|             g_explicit_dsp.u_core          |                                              bitcoin_sha256_core_dsp_explicit__26 |       1727 |       1727 |       0 |    0 |   1653 |      0 |      0 |    0 |          3 |
|               (g_explicit_dsp.u_core)      |                                              bitcoin_sha256_core_dsp_explicit__26 |        257 |        257 |       0 |    0 |      0 |      0 |      0 |    0 |          0 |
|               u_core                       |                                                      sha256_core_dsp_explicit__26 |       1470 |       1470 |       0 |    0 |   1653 |      0 |      0 |    0 |          3 |
|                 u_core                     |                                                         sha256_core_iterative__26 |       1470 |       1470 |       0 |    0 |   1653 |      0 |      0 |    0 |          3 |
|                   (u_core)                 |                                                         sha256_core_iterative__26 |       1470 |       1470 |       0 |    0 |   1653 |      0 |      0 |    0 |          0 |
|           g_engines[26].u_engine           |                                                           bitcoin_hash_engine__27 |       2273 |       2273 |       0 |    0 |   2632 |      0 |      0 |    0 |          3 |
|             (g_engines[26].u_engine)       |                                                           bitcoin_hash_engine__27 |        550 |        550 |       0 |    0 |    979 |      0 |      0 |    0 |          0 |
|             g_explicit_dsp.u_core          |                                              bitcoin_sha256_core_dsp_explicit__27 |       1724 |       1724 |       0 |    0 |   1653 |      0 |      0 |    0 |          3 |
|               (g_explicit_dsp.u_core)      |                                              bitcoin_sha256_core_dsp_explicit__27 |        257 |        257 |       0 |    0 |      0 |      0 |      0 |    0 |          0 |
|               u_core                       |                                                      sha256_core_dsp_explicit__27 |       1467 |       1467 |       0 |    0 |   1653 |      0 |      0 |    0 |          3 |
|                 u_core                     |                                                         sha256_core_iterative__27 |       1467 |       1467 |       0 |    0 |   1653 |      0 |      0 |    0 |          3 |
|                   (u_core)                 |                                                         sha256_core_iterative__27 |       1467 |       1467 |       0 |    0 |   1653 |      0 |      0 |    0 |          0 |
|           g_engines[27].u_engine           |                                                           bitcoin_hash_engine__28 |       2273 |       2273 |       0 |    0 |   2632 |      0 |      0 |    0 |          3 |
|             (g_engines[27].u_engine)       |                                                           bitcoin_hash_engine__28 |        554 |        554 |       0 |    0 |    979 |      0 |      0 |    0 |          0 |
|             g_explicit_dsp.u_core          |                                              bitcoin_sha256_core_dsp_explicit__28 |       1721 |       1721 |       0 |    0 |   1653 |      0 |      0 |    0 |          3 |
|               (g_explicit_dsp.u_core)      |                                              bitcoin_sha256_core_dsp_explicit__28 |        257 |        257 |       0 |    0 |      0 |      0 |      0 |    0 |          0 |
|               u_core                       |                                                      sha256_core_dsp_explicit__28 |       1464 |       1464 |       0 |    0 |   1653 |      0 |      0 |    0 |          3 |
|                 u_core                     |                                                         sha256_core_iterative__28 |       1464 |       1464 |       0 |    0 |   1653 |      0 |      0 |    0 |          3 |
|                   (u_core)                 |                                                         sha256_core_iterative__28 |       1464 |       1464 |       0 |    0 |   1653 |      0 |      0 |    0 |          0 |
|           g_engines[28].u_engine           |                                                           bitcoin_hash_engine__29 |       2280 |       2280 |       0 |    0 |   2632 |      0 |      0 |    0 |          3 |
|             (g_engines[28].u_engine)       |                                                           bitcoin_hash_engine__29 |        556 |        556 |       0 |    0 |    979 |      0 |      0 |    0 |          0 |
|             g_explicit_dsp.u_core          |                                              bitcoin_sha256_core_dsp_explicit__29 |       1724 |       1724 |       0 |    0 |   1653 |      0 |      0 |    0 |          3 |
|               (g_explicit_dsp.u_core)      |                                              bitcoin_sha256_core_dsp_explicit__29 |        257 |        257 |       0 |    0 |      0 |      0 |      0 |    0 |          0 |
|               u_core                       |                                                      sha256_core_dsp_explicit__29 |       1467 |       1467 |       0 |    0 |   1653 |      0 |      0 |    0 |          3 |
|                 u_core                     |                                                         sha256_core_iterative__29 |       1467 |       1467 |       0 |    0 |   1653 |      0 |      0 |    0 |          3 |
|                   (u_core)                 |                                                         sha256_core_iterative__29 |       1467 |       1467 |       0 |    0 |   1653 |      0 |      0 |    0 |          0 |
|           g_engines[29].u_engine           |                                                           bitcoin_hash_engine__30 |       2271 |       2271 |       0 |    0 |   2632 |      0 |      0 |    0 |          3 |
|             (g_engines[29].u_engine)       |                                                           bitcoin_hash_engine__30 |        545 |        545 |       0 |    0 |    979 |      0 |      0 |    0 |          0 |
|             g_explicit_dsp.u_core          |                                              bitcoin_sha256_core_dsp_explicit__30 |       1726 |       1726 |       0 |    0 |   1653 |      0 |      0 |    0 |          3 |
|               (g_explicit_dsp.u_core)      |                                              bitcoin_sha256_core_dsp_explicit__30 |        257 |        257 |       0 |    0 |      0 |      0 |      0 |    0 |          0 |
|               u_core                       |                                                      sha256_core_dsp_explicit__30 |       1469 |       1469 |       0 |    0 |   1653 |      0 |      0 |    0 |          3 |
|                 u_core                     |                                                         sha256_core_iterative__30 |       1469 |       1469 |       0 |    0 |   1653 |      0 |      0 |    0 |          3 |
|                   (u_core)                 |                                                         sha256_core_iterative__30 |       1469 |       1469 |       0 |    0 |   1653 |      0 |      0 |    0 |          0 |
|           g_engines[2].u_engine            |                                                            bitcoin_hash_engine__3 |       2279 |       2279 |       0 |    0 |   2632 |      0 |      0 |    0 |          3 |
|             (g_engines[2].u_engine)        |                                                            bitcoin_hash_engine__3 |        553 |        553 |       0 |    0 |    979 |      0 |      0 |    0 |          0 |
|             g_explicit_dsp.u_core          |                                               bitcoin_sha256_core_dsp_explicit__3 |       1727 |       1727 |       0 |    0 |   1653 |      0 |      0 |    0 |          3 |
|               (g_explicit_dsp.u_core)      |                                               bitcoin_sha256_core_dsp_explicit__3 |        257 |        257 |       0 |    0 |      0 |      0 |      0 |    0 |          0 |
|               u_core                       |                                                       sha256_core_dsp_explicit__3 |       1470 |       1470 |       0 |    0 |   1653 |      0 |      0 |    0 |          3 |
|                 u_core                     |                                                          sha256_core_iterative__3 |       1470 |       1470 |       0 |    0 |   1653 |      0 |      0 |    0 |          3 |
|                   (u_core)                 |                                                          sha256_core_iterative__3 |       1470 |       1470 |       0 |    0 |   1653 |      0 |      0 |    0 |          0 |
|           g_engines[30].u_engine           |                                                           bitcoin_hash_engine__31 |       2269 |       2269 |       0 |    0 |   2632 |      0 |      0 |    0 |          3 |
|             (g_engines[30].u_engine)       |                                                           bitcoin_hash_engine__31 |        547 |        547 |       0 |    0 |    979 |      0 |      0 |    0 |          0 |
|             g_explicit_dsp.u_core          |                                              bitcoin_sha256_core_dsp_explicit__31 |       1723 |       1723 |       0 |    0 |   1653 |      0 |      0 |    0 |          3 |
|               (g_explicit_dsp.u_core)      |                                              bitcoin_sha256_core_dsp_explicit__31 |        257 |        257 |       0 |    0 |      0 |      0 |      0 |    0 |          0 |
|               u_core                       |                                                      sha256_core_dsp_explicit__31 |       1466 |       1466 |       0 |    0 |   1653 |      0 |      0 |    0 |          3 |
|                 u_core                     |                                                         sha256_core_iterative__31 |       1466 |       1466 |       0 |    0 |   1653 |      0 |      0 |    0 |          3 |
|                   (u_core)                 |                                                         sha256_core_iterative__31 |       1466 |       1466 |       0 |    0 |   1653 |      0 |      0 |    0 |          0 |
|           g_engines[31].u_engine           |                                                               bitcoin_hash_engine |       2275 |       2275 |       0 |    0 |   2632 |      0 |      0 |    0 |          3 |
|             (g_engines[31].u_engine)       |                                                               bitcoin_hash_engine |        554 |        554 |       0 |    0 |    979 |      0 |      0 |    0 |          0 |
|             g_explicit_dsp.u_core          |                                                  bitcoin_sha256_core_dsp_explicit |       1722 |       1722 |       0 |    0 |   1653 |      0 |      0 |    0 |          3 |
|               (g_explicit_dsp.u_core)      |                                                  bitcoin_sha256_core_dsp_explicit |        257 |        257 |       0 |    0 |      0 |      0 |      0 |    0 |          0 |
|               u_core                       |                                                          sha256_core_dsp_explicit |       1465 |       1465 |       0 |    0 |   1653 |      0 |      0 |    0 |          3 |
|                 u_core                     |                                                             sha256_core_iterative |       1465 |       1465 |       0 |    0 |   1653 |      0 |      0 |    0 |          3 |
|                   (u_core)                 |                                                             sha256_core_iterative |       1465 |       1465 |       0 |    0 |   1653 |      0 |      0 |    0 |          0 |
|           g_engines[3].u_engine            |                                                            bitcoin_hash_engine__4 |       2269 |       2269 |       0 |    0 |   2632 |      0 |      0 |    0 |          3 |
|             (g_engines[3].u_engine)        |                                                            bitcoin_hash_engine__4 |        545 |        545 |       0 |    0 |    979 |      0 |      0 |    0 |          0 |
|             g_explicit_dsp.u_core          |                                               bitcoin_sha256_core_dsp_explicit__4 |       1724 |       1724 |       0 |    0 |   1653 |      0 |      0 |    0 |          3 |
|               (g_explicit_dsp.u_core)      |                                               bitcoin_sha256_core_dsp_explicit__4 |        257 |        257 |       0 |    0 |      0 |      0 |      0 |    0 |          0 |
|               u_core                       |                                                       sha256_core_dsp_explicit__4 |       1467 |       1467 |       0 |    0 |   1653 |      0 |      0 |    0 |          3 |
|                 u_core                     |                                                          sha256_core_iterative__4 |       1467 |       1467 |       0 |    0 |   1653 |      0 |      0 |    0 |          3 |
|                   (u_core)                 |                                                          sha256_core_iterative__4 |       1467 |       1467 |       0 |    0 |   1653 |      0 |      0 |    0 |          0 |
|           g_engines[4].u_engine            |                                                            bitcoin_hash_engine__5 |       2270 |       2270 |       0 |    0 |   2632 |      0 |      0 |    0 |          3 |
|             (g_engines[4].u_engine)        |                                                            bitcoin_hash_engine__5 |        547 |        547 |       0 |    0 |    979 |      0 |      0 |    0 |          0 |
|             g_explicit_dsp.u_core          |                                               bitcoin_sha256_core_dsp_explicit__5 |       1723 |       1723 |       0 |    0 |   1653 |      0 |      0 |    0 |          3 |
|               (g_explicit_dsp.u_core)      |                                               bitcoin_sha256_core_dsp_explicit__5 |        257 |        257 |       0 |    0 |      0 |      0 |      0 |    0 |          0 |
|               u_core                       |                                                       sha256_core_dsp_explicit__5 |       1466 |       1466 |       0 |    0 |   1653 |      0 |      0 |    0 |          3 |
|                 u_core                     |                                                          sha256_core_iterative__5 |       1466 |       1466 |       0 |    0 |   1653 |      0 |      0 |    0 |          3 |
|                   (u_core)                 |                                                          sha256_core_iterative__5 |       1466 |       1466 |       0 |    0 |   1653 |      0 |      0 |    0 |          0 |
|           g_engines[5].u_engine            |                                                            bitcoin_hash_engine__6 |       2266 |       2266 |       0 |    0 |   2632 |      0 |      0 |    0 |          3 |
|             (g_engines[5].u_engine)        |                                                            bitcoin_hash_engine__6 |        542 |        542 |       0 |    0 |    979 |      0 |      0 |    0 |          0 |
|             g_explicit_dsp.u_core          |                                               bitcoin_sha256_core_dsp_explicit__6 |       1725 |       1725 |       0 |    0 |   1653 |      0 |      0 |    0 |          3 |
|               (g_explicit_dsp.u_core)      |                                               bitcoin_sha256_core_dsp_explicit__6 |        257 |        257 |       0 |    0 |      0 |      0 |      0 |    0 |          0 |
|               u_core                       |                                                       sha256_core_dsp_explicit__6 |       1468 |       1468 |       0 |    0 |   1653 |      0 |      0 |    0 |          3 |
|                 u_core                     |                                                          sha256_core_iterative__6 |       1468 |       1468 |       0 |    0 |   1653 |      0 |      0 |    0 |          3 |
|                   (u_core)                 |                                                          sha256_core_iterative__6 |       1468 |       1468 |       0 |    0 |   1653 |      0 |      0 |    0 |          0 |
|           g_engines[6].u_engine            |                                                            bitcoin_hash_engine__7 |       2277 |       2277 |       0 |    0 |   2632 |      0 |      0 |    0 |          3 |
|             (g_engines[6].u_engine)        |                                                            bitcoin_hash_engine__7 |        552 |        552 |       0 |    0 |    979 |      0 |      0 |    0 |          0 |
|             g_explicit_dsp.u_core          |                                               bitcoin_sha256_core_dsp_explicit__7 |       1726 |       1726 |       0 |    0 |   1653 |      0 |      0 |    0 |          3 |
|               (g_explicit_dsp.u_core)      |                                               bitcoin_sha256_core_dsp_explicit__7 |        257 |        257 |       0 |    0 |      0 |      0 |      0 |    0 |          0 |
|               u_core                       |                                                       sha256_core_dsp_explicit__7 |       1469 |       1469 |       0 |    0 |   1653 |      0 |      0 |    0 |          3 |
|                 u_core                     |                                                          sha256_core_iterative__7 |       1469 |       1469 |       0 |    0 |   1653 |      0 |      0 |    0 |          3 |
|                   (u_core)                 |                                                          sha256_core_iterative__7 |       1469 |       1469 |       0 |    0 |   1653 |      0 |      0 |    0 |          0 |
|           g_engines[7].u_engine            |                                                            bitcoin_hash_engine__8 |       2272 |       2272 |       0 |    0 |   2632 |      0 |      0 |    0 |          3 |
|             (g_engines[7].u_engine)        |                                                            bitcoin_hash_engine__8 |        547 |        547 |       0 |    0 |    979 |      0 |      0 |    0 |          0 |
|             g_explicit_dsp.u_core          |                                               bitcoin_sha256_core_dsp_explicit__8 |       1726 |       1726 |       0 |    0 |   1653 |      0 |      0 |    0 |          3 |
|               (g_explicit_dsp.u_core)      |                                               bitcoin_sha256_core_dsp_explicit__8 |        257 |        257 |       0 |    0 |      0 |      0 |      0 |    0 |          0 |
|               u_core                       |                                                       sha256_core_dsp_explicit__8 |       1469 |       1469 |       0 |    0 |   1653 |      0 |      0 |    0 |          3 |
|                 u_core                     |                                                          sha256_core_iterative__8 |       1469 |       1469 |       0 |    0 |   1653 |      0 |      0 |    0 |          3 |
|                   (u_core)                 |                                                          sha256_core_iterative__8 |       1469 |       1469 |       0 |    0 |   1653 |      0 |      0 |    0 |          0 |
|           g_engines[8].u_engine            |                                                            bitcoin_hash_engine__9 |       2279 |       2279 |       0 |    0 |   2632 |      0 |      0 |    0 |          3 |
|             (g_engines[8].u_engine)        |                                                            bitcoin_hash_engine__9 |        556 |        556 |       0 |    0 |    979 |      0 |      0 |    0 |          0 |
|             g_explicit_dsp.u_core          |                                               bitcoin_sha256_core_dsp_explicit__9 |       1725 |       1725 |       0 |    0 |   1653 |      0 |      0 |    0 |          3 |
|               (g_explicit_dsp.u_core)      |                                               bitcoin_sha256_core_dsp_explicit__9 |        257 |        257 |       0 |    0 |      0 |      0 |      0 |    0 |          0 |
|               u_core                       |                                                       sha256_core_dsp_explicit__9 |       1468 |       1468 |       0 |    0 |   1653 |      0 |      0 |    0 |          3 |
|                 u_core                     |                                                          sha256_core_iterative__9 |       1468 |       1468 |       0 |    0 |   1653 |      0 |      0 |    0 |          3 |
|                   (u_core)                 |                                                          sha256_core_iterative__9 |       1468 |       1468 |       0 |    0 |   1653 |      0 |      0 |    0 |          0 |
|           g_engines[9].u_engine            |                                                           bitcoin_hash_engine__10 |       2276 |       2276 |       0 |    0 |   2632 |      0 |      0 |    0 |          3 |
|             (g_engines[9].u_engine)        |                                                           bitcoin_hash_engine__10 |        551 |        551 |       0 |    0 |    979 |      0 |      0 |    0 |          0 |
|             g_explicit_dsp.u_core          |                                              bitcoin_sha256_core_dsp_explicit__10 |       1725 |       1725 |       0 |    0 |   1653 |      0 |      0 |    0 |          3 |
|               (g_explicit_dsp.u_core)      |                                              bitcoin_sha256_core_dsp_explicit__10 |        257 |        257 |       0 |    0 |      0 |      0 |      0 |    0 |          0 |
|               u_core                       |                                                      sha256_core_dsp_explicit__10 |       1469 |       1469 |       0 |    0 |   1653 |      0 |      0 |    0 |          3 |
|                 u_core                     |                                                         sha256_core_iterative__10 |       1469 |       1469 |       0 |    0 |   1653 |      0 |      0 |    0 |          3 |
|                   (u_core)                 |                                                         sha256_core_iterative__10 |       1469 |       1469 |       0 |    0 |   1653 |      0 |      0 |    0 |          0 |
|     axi_cdc_miner_0                        |                                                    miner_system_axi_cdc_miner_0_0 |         38 |         38 |       0 |    0 |    219 |      0 |      0 |    0 |          0 |
|       inst                                 |                                miner_system_axi_cdc_miner_0_0_axi_lite_cdc_bridge |         38 |         38 |       0 |    0 |    219 |      0 |      0 |    0 |          0 |
|     axi_cdc_miner_1                        |                                                    miner_system_axi_cdc_miner_1_0 |         86 |         86 |       0 |    0 |    219 |      0 |      0 |    0 |          0 |
|       inst                                 |                                miner_system_axi_cdc_miner_1_0_axi_lite_cdc_bridge |         86 |         86 |       0 |    0 |    219 |      0 |      0 |    0 |          0 |
|     axi_cdc_miner_2                        |                                                    miner_system_axi_cdc_miner_2_0 |         32 |         32 |       0 |    0 |    219 |      0 |      0 |    0 |          0 |
|       inst                                 |                                miner_system_axi_cdc_miner_2_0_axi_lite_cdc_bridge |         32 |         32 |       0 |    0 |    219 |      0 |      0 |    0 |          0 |
|     axi_cdc_miner_3                        |                                                    miner_system_axi_cdc_miner_3_0 |         81 |         81 |       0 |    0 |    219 |      0 |      0 |    0 |          0 |
|       inst                                 |                                miner_system_axi_cdc_miner_3_0_axi_lite_cdc_bridge |         81 |         81 |       0 |    0 |    219 |      0 |      0 |    0 |          0 |
|     axi_regslice_miner_0                   |                                               miner_system_axi_regslice_miner_0_0 |         15 |         15 |       0 |    0 |    108 |      0 |      0 |    0 |          0 |
|       inst                                 | miner_system_axi_regslice_miner_0_0_axi_register_slice_v2_1_37_axi_register_slice |         15 |         15 |       0 |    0 |    108 |      0 |      0 |    0 |          0 |
|     axi_regslice_miner_1                   |                                               miner_system_axi_regslice_miner_1_0 |         15 |         15 |       0 |    0 |    108 |      0 |      0 |    0 |          0 |
|       inst                                 | miner_system_axi_regslice_miner_1_0_axi_register_slice_v2_1_37_axi_register_slice |         15 |         15 |       0 |    0 |    108 |      0 |      0 |    0 |          0 |
|     axi_regslice_miner_2                   |                                               miner_system_axi_regslice_miner_2_0 |         15 |         15 |       0 |    0 |    108 |      0 |      0 |    0 |          0 |
|       inst                                 | miner_system_axi_regslice_miner_2_0_axi_register_slice_v2_1_37_axi_register_slice |         15 |         15 |       0 |    0 |    108 |      0 |      0 |    0 |          0 |
|     axi_regslice_miner_3                   |                                               miner_system_axi_regslice_miner_3_0 |         15 |         15 |       0 |    0 |    108 |      0 |      0 |    0 |          0 |
|       inst                                 | miner_system_axi_regslice_miner_3_0_axi_register_slice_v2_1_37_axi_register_slice |         15 |         15 |       0 |    0 |    108 |      0 |      0 |    0 |          0 |
|     axi_smc                                |                                                            miner_system_axi_smc_0 |        591 |        591 |       0 |    0 |    744 |      0 |      0 |    0 |          0 |
|       inst                                 |                                                    miner_system_axi_smc_0_bd_0e69 |        591 |        591 |       0 |    0 |    744 |      0 |      0 |    0 |          0 |
|         sc_ul                              |                                            miner_system_axi_smc_0_bd_0e69_sc_ul_0 |        591 |        591 |       0 |    0 |    744 |      0 |      0 |    0 |          0 |
|           inst                             |                                    miner_system_axi_smc_0_sc_ultralite_v1_0_1_top |        591 |        591 |       0 |    0 |    744 |      0 |      0 |    0 |          0 |
|             gen_axi_full_nxm.sasd_inst     |                              miner_system_axi_smc_0_sc_ultralite_v1_0_1_sasd_lite |        591 |        591 |       0 |    0 |    742 |      0 |      0 |    0 |          0 |
|               (gen_axi_full_nxm.sasd_inst) |                              miner_system_axi_smc_0_sc_ultralite_v1_0_1_sasd_lite |        155 |        155 |       0 |    0 |    411 |      0 |      0 |    0 |          0 |
|               gen_read.araddr_mux          |                miner_system_axi_smc_0_sc_ultralite_v1_0_1_mux_hot__parameterized4 |         58 |         58 |       0 |    0 |     44 |      0 |      0 |    0 |          0 |
|               gen_read.arctrl_mux          |                miner_system_axi_smc_0_sc_ultralite_v1_0_1_mux_hot__parameterized5 |         95 |         95 |       0 |    0 |     13 |      0 |      0 |    0 |          0 |
|               gen_read.rdata_mux           |               miner_system_axi_smc_0_sc_ultralite_v1_0_1_mux_hot__parameterized10 |         66 |         66 |       0 |    0 |     32 |      0 |      0 |    0 |          0 |
|               gen_write.awctrl_mux         |              miner_system_axi_smc_0_sc_ultralite_v1_0_1_mux_hot__parameterized5_2 |         59 |         59 |       0 |    0 |     13 |      0 |      0 |    0 |          0 |
|               gen_write.wdata_mux          |                miner_system_axi_smc_0_sc_ultralite_v1_0_1_mux_hot__parameterized1 |         48 |         48 |       0 |    0 |    128 |      0 |      0 |    0 |          0 |
|     miner_0                                |                                                            miner_system_miner_0_0 |      74094 |      74094 |       0 |    0 |  88480 |      0 |      0 |    0 |         96 |
|       inst                                 |                                                              bitcoin_miner_axi_32 |      74094 |      74094 |       0 |    0 |  88480 |      0 |      0 |    0 |         96 |
|         u_miner                            |                                                                 bitcoin_miner_axi |      74094 |      74094 |       0 |    0 |  88480 |      0 |      0 |    0 |         96 |
|           (u_miner)                        |                                                                 bitcoin_miner_axi |        683 |        683 |       0 |    0 |   2967 |      0 |      0 |    0 |          0 |
|           g_clusters[0].u_result_fifo      |                                                       bitcoin_result_cluster_fifo |        594 |        594 |       0 |    0 |   1289 |      0 |      0 |    0 |          0 |
|           g_engines[0].u_engine            |                                                            bitcoin_hash_engine__1 |       2275 |       2275 |       0 |    0 |   2632 |      0 |      0 |    0 |          3 |
|             (g_engines[0].u_engine)        |                                                            bitcoin_hash_engine__1 |        553 |        553 |       0 |    0 |    979 |      0 |      0 |    0 |          0 |
|             g_explicit_dsp.u_core          |                                               bitcoin_sha256_core_dsp_explicit__1 |       1723 |       1723 |       0 |    0 |   1653 |      0 |      0 |    0 |          3 |
|               (g_explicit_dsp.u_core)      |                                               bitcoin_sha256_core_dsp_explicit__1 |        257 |        257 |       0 |    0 |      0 |      0 |      0 |    0 |          0 |
|               u_core                       |                                                       sha256_core_dsp_explicit__1 |       1466 |       1466 |       0 |    0 |   1653 |      0 |      0 |    0 |          3 |
|                 u_core                     |                                                          sha256_core_iterative__1 |       1466 |       1466 |       0 |    0 |   1653 |      0 |      0 |    0 |          3 |
|                   (u_core)                 |                                                          sha256_core_iterative__1 |       1466 |       1466 |       0 |    0 |   1653 |      0 |      0 |    0 |          0 |
|           g_engines[10].u_engine           |                                                           bitcoin_hash_engine__11 |       2277 |       2277 |       0 |    0 |   2632 |      0 |      0 |    0 |          3 |
|             (g_engines[10].u_engine)       |                                                           bitcoin_hash_engine__11 |        554 |        554 |       0 |    0 |    979 |      0 |      0 |    0 |          0 |
|             g_explicit_dsp.u_core          |                                              bitcoin_sha256_core_dsp_explicit__11 |       1724 |       1724 |       0 |    0 |   1653 |      0 |      0 |    0 |          3 |
|               (g_explicit_dsp.u_core)      |                                              bitcoin_sha256_core_dsp_explicit__11 |        257 |        257 |       0 |    0 |      0 |      0 |      0 |    0 |          0 |
|               u_core                       |                                                      sha256_core_dsp_explicit__11 |       1467 |       1467 |       0 |    0 |   1653 |      0 |      0 |    0 |          3 |
|                 u_core                     |                                                         sha256_core_iterative__11 |       1467 |       1467 |       0 |    0 |   1653 |      0 |      0 |    0 |          3 |
|                   (u_core)                 |                                                         sha256_core_iterative__11 |       1467 |       1467 |       0 |    0 |   1653 |      0 |      0 |    0 |          0 |
|           g_engines[11].u_engine           |                                                           bitcoin_hash_engine__12 |       2274 |       2274 |       0 |    0 |   2632 |      0 |      0 |    0 |          3 |
|             (g_engines[11].u_engine)       |                                                           bitcoin_hash_engine__12 |        548 |        548 |       0 |    0 |    979 |      0 |      0 |    0 |          0 |
|             g_explicit_dsp.u_core          |                                              bitcoin_sha256_core_dsp_explicit__12 |       1727 |       1727 |       0 |    0 |   1653 |      0 |      0 |    0 |          3 |
|               (g_explicit_dsp.u_core)      |                                              bitcoin_sha256_core_dsp_explicit__12 |        257 |        257 |       0 |    0 |      0 |      0 |      0 |    0 |          0 |
|               u_core                       |                                                      sha256_core_dsp_explicit__12 |       1470 |       1470 |       0 |    0 |   1653 |      0 |      0 |    0 |          3 |
|                 u_core                     |                                                         sha256_core_iterative__12 |       1470 |       1470 |       0 |    0 |   1653 |      0 |      0 |    0 |          3 |
|                   (u_core)                 |                                                         sha256_core_iterative__12 |       1470 |       1470 |       0 |    0 |   1653 |      0 |      0 |    0 |          0 |
|           g_engines[12].u_engine           |                                                           bitcoin_hash_engine__13 |       2283 |       2283 |       0 |    0 |   2632 |      0 |      0 |    0 |          3 |
|             (g_engines[12].u_engine)       |                                                           bitcoin_hash_engine__13 |        559 |        559 |       0 |    0 |    979 |      0 |      0 |    0 |          0 |
|             g_explicit_dsp.u_core          |                                              bitcoin_sha256_core_dsp_explicit__13 |       1726 |       1726 |       0 |    0 |   1653 |      0 |      0 |    0 |          3 |
|               (g_explicit_dsp.u_core)      |                                              bitcoin_sha256_core_dsp_explicit__13 |        257 |        257 |       0 |    0 |      0 |      0 |      0 |    0 |          0 |
|               u_core                       |                                                      sha256_core_dsp_explicit__13 |       1469 |       1469 |       0 |    0 |   1653 |      0 |      0 |    0 |          3 |
|                 u_core                     |                                                         sha256_core_iterative__13 |       1469 |       1469 |       0 |    0 |   1653 |      0 |      0 |    0 |          3 |
|                   (u_core)                 |                                                         sha256_core_iterative__13 |       1469 |       1469 |       0 |    0 |   1653 |      0 |      0 |    0 |          0 |
|           g_engines[13].u_engine           |                                                           bitcoin_hash_engine__14 |       2273 |       2273 |       0 |    0 |   2632 |      0 |      0 |    0 |          3 |
|             (g_engines[13].u_engine)       |                                                           bitcoin_hash_engine__14 |        549 |        549 |       0 |    0 |    979 |      0 |      0 |    0 |          0 |
|             g_explicit_dsp.u_core          |                                              bitcoin_sha256_core_dsp_explicit__14 |       1725 |       1725 |       0 |    0 |   1653 |      0 |      0 |    0 |          3 |
|               (g_explicit_dsp.u_core)      |                                              bitcoin_sha256_core_dsp_explicit__14 |        257 |        257 |       0 |    0 |      0 |      0 |      0 |    0 |          0 |
|               u_core                       |                                                      sha256_core_dsp_explicit__14 |       1468 |       1468 |       0 |    0 |   1653 |      0 |      0 |    0 |          3 |
|                 u_core                     |                                                         sha256_core_iterative__14 |       1468 |       1468 |       0 |    0 |   1653 |      0 |      0 |    0 |          3 |
|                   (u_core)                 |                                                         sha256_core_iterative__14 |       1468 |       1468 |       0 |    0 |   1653 |      0 |      0 |    0 |          0 |
|           g_engines[14].u_engine           |                                                           bitcoin_hash_engine__15 |       2273 |       2273 |       0 |    0 |   2632 |      0 |      0 |    0 |          3 |
|             (g_engines[14].u_engine)       |                                                           bitcoin_hash_engine__15 |        548 |        548 |       0 |    0 |    979 |      0 |      0 |    0 |          0 |
|             g_explicit_dsp.u_core          |                                              bitcoin_sha256_core_dsp_explicit__15 |       1726 |       1726 |       0 |    0 |   1653 |      0 |      0 |    0 |          3 |
|               (g_explicit_dsp.u_core)      |                                              bitcoin_sha256_core_dsp_explicit__15 |        257 |        257 |       0 |    0 |      0 |      0 |      0 |    0 |          0 |
|               u_core                       |                                                      sha256_core_dsp_explicit__15 |       1469 |       1469 |       0 |    0 |   1653 |      0 |      0 |    0 |          3 |
|                 u_core                     |                                                         sha256_core_iterative__15 |       1469 |       1469 |       0 |    0 |   1653 |      0 |      0 |    0 |          3 |
|                   (u_core)                 |                                                         sha256_core_iterative__15 |       1469 |       1469 |       0 |    0 |   1653 |      0 |      0 |    0 |          0 |
|           g_engines[15].u_engine           |                                                           bitcoin_hash_engine__16 |       2277 |       2277 |       0 |    0 |   2632 |      0 |      0 |    0 |          3 |
|             (g_engines[15].u_engine)       |                                                           bitcoin_hash_engine__16 |        555 |        555 |       0 |    0 |    979 |      0 |      0 |    0 |          0 |
|             g_explicit_dsp.u_core          |                                              bitcoin_sha256_core_dsp_explicit__16 |       1722 |       1722 |       0 |    0 |   1653 |      0 |      0 |    0 |          3 |
|               (g_explicit_dsp.u_core)      |                                              bitcoin_sha256_core_dsp_explicit__16 |        257 |        257 |       0 |    0 |      0 |      0 |      0 |    0 |          0 |
|               u_core                       |                                                      sha256_core_dsp_explicit__16 |       1465 |       1465 |       0 |    0 |   1653 |      0 |      0 |    0 |          3 |
|                 u_core                     |                                                         sha256_core_iterative__16 |       1465 |       1465 |       0 |    0 |   1653 |      0 |      0 |    0 |          3 |
|                   (u_core)                 |                                                         sha256_core_iterative__16 |       1465 |       1465 |       0 |    0 |   1653 |      0 |      0 |    0 |          0 |
|           g_engines[16].u_engine           |                                                           bitcoin_hash_engine__17 |       2270 |       2270 |       0 |    0 |   2632 |      0 |      0 |    0 |          3 |
|             (g_engines[16].u_engine)       |                                                           bitcoin_hash_engine__17 |        547 |        547 |       0 |    0 |    979 |      0 |      0 |    0 |          0 |
|             g_explicit_dsp.u_core          |                                              bitcoin_sha256_core_dsp_explicit__17 |       1725 |       1725 |       0 |    0 |   1653 |      0 |      0 |    0 |          3 |
|               (g_explicit_dsp.u_core)      |                                              bitcoin_sha256_core_dsp_explicit__17 |        257 |        257 |       0 |    0 |      0 |      0 |      0 |    0 |          0 |
|               u_core                       |                                                      sha256_core_dsp_explicit__17 |       1468 |       1468 |       0 |    0 |   1653 |      0 |      0 |    0 |          3 |
|                 u_core                     |                                                         sha256_core_iterative__17 |       1468 |       1468 |       0 |    0 |   1653 |      0 |      0 |    0 |          3 |
|                   (u_core)                 |                                                         sha256_core_iterative__17 |       1468 |       1468 |       0 |    0 |   1653 |      0 |      0 |    0 |          0 |
|           g_engines[17].u_engine           |                                                           bitcoin_hash_engine__18 |       2289 |       2289 |       0 |    0 |   2632 |      0 |      0 |    0 |          3 |
|             (g_engines[17].u_engine)       |                                                           bitcoin_hash_engine__18 |        558 |        558 |       0 |    0 |    979 |      0 |      0 |    0 |          0 |
|             g_explicit_dsp.u_core          |                                              bitcoin_sha256_core_dsp_explicit__18 |       1731 |       1731 |       0 |    0 |   1653 |      0 |      0 |    0 |          3 |
|               (g_explicit_dsp.u_core)      |                                              bitcoin_sha256_core_dsp_explicit__18 |        257 |        257 |       0 |    0 |      0 |      0 |      0 |    0 |          0 |
|               u_core                       |                                                      sha256_core_dsp_explicit__18 |       1474 |       1474 |       0 |    0 |   1653 |      0 |      0 |    0 |          3 |
|                 u_core                     |                                                         sha256_core_iterative__18 |       1474 |       1474 |       0 |    0 |   1653 |      0 |      0 |    0 |          3 |
|                   (u_core)                 |                                                         sha256_core_iterative__18 |       1474 |       1474 |       0 |    0 |   1653 |      0 |      0 |    0 |          0 |
|           g_engines[18].u_engine           |                                                           bitcoin_hash_engine__19 |       2276 |       2276 |       0 |    0 |   2632 |      0 |      0 |    0 |          3 |
|             (g_engines[18].u_engine)       |                                                           bitcoin_hash_engine__19 |        553 |        553 |       0 |    0 |    979 |      0 |      0 |    0 |          0 |
|             g_explicit_dsp.u_core          |                                              bitcoin_sha256_core_dsp_explicit__19 |       1724 |       1724 |       0 |    0 |   1653 |      0 |      0 |    0 |          3 |
|               (g_explicit_dsp.u_core)      |                                              bitcoin_sha256_core_dsp_explicit__19 |        257 |        257 |       0 |    0 |      0 |      0 |      0 |    0 |          0 |
|               u_core                       |                                                      sha256_core_dsp_explicit__19 |       1467 |       1467 |       0 |    0 |   1653 |      0 |      0 |    0 |          3 |
|                 u_core                     |                                                         sha256_core_iterative__19 |       1467 |       1467 |       0 |    0 |   1653 |      0 |      0 |    0 |          3 |
|                   (u_core)                 |                                                         sha256_core_iterative__19 |       1467 |       1467 |       0 |    0 |   1653 |      0 |      0 |    0 |          0 |
|           g_engines[19].u_engine           |                                                           bitcoin_hash_engine__20 |       2281 |       2281 |       0 |    0 |   2632 |      0 |      0 |    0 |          3 |
|             (g_engines[19].u_engine)       |                                                           bitcoin_hash_engine__20 |        556 |        556 |       0 |    0 |    979 |      0 |      0 |    0 |          0 |
|             g_explicit_dsp.u_core          |                                              bitcoin_sha256_core_dsp_explicit__20 |       1726 |       1726 |       0 |    0 |   1653 |      0 |      0 |    0 |          3 |
|               (g_explicit_dsp.u_core)      |                                              bitcoin_sha256_core_dsp_explicit__20 |        257 |        257 |       0 |    0 |      0 |      0 |      0 |    0 |          0 |
|               u_core                       |                                                      sha256_core_dsp_explicit__20 |       1469 |       1469 |       0 |    0 |   1653 |      0 |      0 |    0 |          3 |
|                 u_core                     |                                                         sha256_core_iterative__20 |       1469 |       1469 |       0 |    0 |   1653 |      0 |      0 |    0 |          3 |
|                   (u_core)                 |                                                         sha256_core_iterative__20 |       1469 |       1469 |       0 |    0 |   1653 |      0 |      0 |    0 |          0 |
|           g_engines[1].u_engine            |                                                            bitcoin_hash_engine__2 |       2271 |       2271 |       0 |    0 |   2632 |      0 |      0 |    0 |          3 |
|             (g_engines[1].u_engine)        |                                                            bitcoin_hash_engine__2 |        549 |        549 |       0 |    0 |    979 |      0 |      0 |    0 |          0 |
|             g_explicit_dsp.u_core          |                                               bitcoin_sha256_core_dsp_explicit__2 |       1726 |       1726 |       0 |    0 |   1653 |      0 |      0 |    0 |          3 |
|               (g_explicit_dsp.u_core)      |                                               bitcoin_sha256_core_dsp_explicit__2 |        257 |        257 |       0 |    0 |      0 |      0 |      0 |    0 |          0 |
|               u_core                       |                                                       sha256_core_dsp_explicit__2 |       1469 |       1469 |       0 |    0 |   1653 |      0 |      0 |    0 |          3 |
|                 u_core                     |                                                          sha256_core_iterative__2 |       1469 |       1469 |       0 |    0 |   1653 |      0 |      0 |    0 |          3 |
|                   (u_core)                 |                                                          sha256_core_iterative__2 |       1469 |       1469 |       0 |    0 |   1653 |      0 |      0 |    0 |          0 |
|           g_engines[20].u_engine           |                                                           bitcoin_hash_engine__21 |       2272 |       2272 |       0 |    0 |   2632 |      0 |      0 |    0 |          3 |
|             (g_engines[20].u_engine)       |                                                           bitcoin_hash_engine__21 |        546 |        546 |       0 |    0 |    979 |      0 |      0 |    0 |          0 |
|             g_explicit_dsp.u_core          |                                              bitcoin_sha256_core_dsp_explicit__21 |       1726 |       1726 |       0 |    0 |   1653 |      0 |      0 |    0 |          3 |
|               (g_explicit_dsp.u_core)      |                                              bitcoin_sha256_core_dsp_explicit__21 |        257 |        257 |       0 |    0 |      0 |      0 |      0 |    0 |          0 |
|               u_core                       |                                                      sha256_core_dsp_explicit__21 |       1469 |       1469 |       0 |    0 |   1653 |      0 |      0 |    0 |          3 |
|                 u_core                     |                                                         sha256_core_iterative__21 |       1469 |       1469 |       0 |    0 |   1653 |      0 |      0 |    0 |          3 |
|                   (u_core)                 |                                                         sha256_core_iterative__21 |       1469 |       1469 |       0 |    0 |   1653 |      0 |      0 |    0 |          0 |
|           g_engines[21].u_engine           |                                                           bitcoin_hash_engine__22 |       2274 |       2274 |       0 |    0 |   2632 |      0 |      0 |    0 |          3 |
|             (g_engines[21].u_engine)       |                                                           bitcoin_hash_engine__22 |        550 |        550 |       0 |    0 |    979 |      0 |      0 |    0 |          0 |
|             g_explicit_dsp.u_core          |                                              bitcoin_sha256_core_dsp_explicit__22 |       1726 |       1726 |       0 |    0 |   1653 |      0 |      0 |    0 |          3 |
|               (g_explicit_dsp.u_core)      |                                              bitcoin_sha256_core_dsp_explicit__22 |        257 |        257 |       0 |    0 |      0 |      0 |      0 |    0 |          0 |
|               u_core                       |                                                      sha256_core_dsp_explicit__22 |       1469 |       1469 |       0 |    0 |   1653 |      0 |      0 |    0 |          3 |
|                 u_core                     |                                                         sha256_core_iterative__22 |       1469 |       1469 |       0 |    0 |   1653 |      0 |      0 |    0 |          3 |
|                   (u_core)                 |                                                         sha256_core_iterative__22 |       1469 |       1469 |       0 |    0 |   1653 |      0 |      0 |    0 |          0 |
|           g_engines[22].u_engine           |                                                           bitcoin_hash_engine__23 |       2275 |       2275 |       0 |    0 |   2632 |      0 |      0 |    0 |          3 |
|             (g_engines[22].u_engine)       |                                                           bitcoin_hash_engine__23 |        548 |        548 |       0 |    0 |    979 |      0 |      0 |    0 |          0 |
|             g_explicit_dsp.u_core          |                                              bitcoin_sha256_core_dsp_explicit__23 |       1727 |       1727 |       0 |    0 |   1653 |      0 |      0 |    0 |          3 |
|               (g_explicit_dsp.u_core)      |                                              bitcoin_sha256_core_dsp_explicit__23 |        257 |        257 |       0 |    0 |      0 |      0 |      0 |    0 |          0 |
|               u_core                       |                                                      sha256_core_dsp_explicit__23 |       1470 |       1470 |       0 |    0 |   1653 |      0 |      0 |    0 |          3 |
|                 u_core                     |                                                         sha256_core_iterative__23 |       1470 |       1470 |       0 |    0 |   1653 |      0 |      0 |    0 |          3 |
|                   (u_core)                 |                                                         sha256_core_iterative__23 |       1470 |       1470 |       0 |    0 |   1653 |      0 |      0 |    0 |          0 |
|           g_engines[23].u_engine           |                                                           bitcoin_hash_engine__24 |       2273 |       2273 |       0 |    0 |   2632 |      0 |      0 |    0 |          3 |
|             (g_engines[23].u_engine)       |                                                           bitcoin_hash_engine__24 |        548 |        548 |       0 |    0 |    979 |      0 |      0 |    0 |          0 |
|             g_explicit_dsp.u_core          |                                              bitcoin_sha256_core_dsp_explicit__24 |       1725 |       1725 |       0 |    0 |   1653 |      0 |      0 |    0 |          3 |
|               (g_explicit_dsp.u_core)      |                                              bitcoin_sha256_core_dsp_explicit__24 |        257 |        257 |       0 |    0 |      0 |      0 |      0 |    0 |          0 |
|               u_core                       |                                                      sha256_core_dsp_explicit__24 |       1468 |       1468 |       0 |    0 |   1653 |      0 |      0 |    0 |          3 |
|                 u_core                     |                                                         sha256_core_iterative__24 |       1468 |       1468 |       0 |    0 |   1653 |      0 |      0 |    0 |          3 |
|                   (u_core)                 |                                                         sha256_core_iterative__24 |       1468 |       1468 |       0 |    0 |   1653 |      0 |      0 |    0 |          0 |
|           g_engines[24].u_engine           |                                                           bitcoin_hash_engine__25 |       2276 |       2276 |       0 |    0 |   2632 |      0 |      0 |    0 |          3 |
|             (g_engines[24].u_engine)       |                                                           bitcoin_hash_engine__25 |        552 |        552 |       0 |    0 |    979 |      0 |      0 |    0 |          0 |
|             g_explicit_dsp.u_core          |                                              bitcoin_sha256_core_dsp_explicit__25 |       1725 |       1725 |       0 |    0 |   1653 |      0 |      0 |    0 |          3 |
|               (g_explicit_dsp.u_core)      |                                              bitcoin_sha256_core_dsp_explicit__25 |        257 |        257 |       0 |    0 |      0 |      0 |      0 |    0 |          0 |
|               u_core                       |                                                      sha256_core_dsp_explicit__25 |       1468 |       1468 |       0 |    0 |   1653 |      0 |      0 |    0 |          3 |
|                 u_core                     |                                                         sha256_core_iterative__25 |       1468 |       1468 |       0 |    0 |   1653 |      0 |      0 |    0 |          3 |
|                   (u_core)                 |                                                         sha256_core_iterative__25 |       1468 |       1468 |       0 |    0 |   1653 |      0 |      0 |    0 |          0 |
|           g_engines[25].u_engine           |                                                           bitcoin_hash_engine__26 |       2276 |       2276 |       0 |    0 |   2632 |      0 |      0 |    0 |          3 |
|             (g_engines[25].u_engine)       |                                                           bitcoin_hash_engine__26 |        550 |        550 |       0 |    0 |    979 |      0 |      0 |    0 |          0 |
|             g_explicit_dsp.u_core          |                                              bitcoin_sha256_core_dsp_explicit__26 |       1727 |       1727 |       0 |    0 |   1653 |      0 |      0 |    0 |          3 |
|               (g_explicit_dsp.u_core)      |                                              bitcoin_sha256_core_dsp_explicit__26 |        257 |        257 |       0 |    0 |      0 |      0 |      0 |    0 |          0 |
|               u_core                       |                                                      sha256_core_dsp_explicit__26 |       1470 |       1470 |       0 |    0 |   1653 |      0 |      0 |    0 |          3 |
|                 u_core                     |                                                         sha256_core_iterative__26 |       1470 |       1470 |       0 |    0 |   1653 |      0 |      0 |    0 |          3 |
|                   (u_core)                 |                                                         sha256_core_iterative__26 |       1470 |       1470 |       0 |    0 |   1653 |      0 |      0 |    0 |          0 |
|           g_engines[26].u_engine           |                                                           bitcoin_hash_engine__27 |       2273 |       2273 |       0 |    0 |   2632 |      0 |      0 |    0 |          3 |
|             (g_engines[26].u_engine)       |                                                           bitcoin_hash_engine__27 |        550 |        550 |       0 |    0 |    979 |      0 |      0 |    0 |          0 |
|             g_explicit_dsp.u_core          |                                              bitcoin_sha256_core_dsp_explicit__27 |       1724 |       1724 |       0 |    0 |   1653 |      0 |      0 |    0 |          3 |
|               (g_explicit_dsp.u_core)      |                                              bitcoin_sha256_core_dsp_explicit__27 |        257 |        257 |       0 |    0 |      0 |      0 |      0 |    0 |          0 |
|               u_core                       |                                                      sha256_core_dsp_explicit__27 |       1467 |       1467 |       0 |    0 |   1653 |      0 |      0 |    0 |          3 |
|                 u_core                     |                                                         sha256_core_iterative__27 |       1467 |       1467 |       0 |    0 |   1653 |      0 |      0 |    0 |          3 |
|                   (u_core)                 |                                                         sha256_core_iterative__27 |       1467 |       1467 |       0 |    0 |   1653 |      0 |      0 |    0 |          0 |
|           g_engines[27].u_engine           |                                                           bitcoin_hash_engine__28 |       2271 |       2271 |       0 |    0 |   2632 |      0 |      0 |    0 |          3 |
|             (g_engines[27].u_engine)       |                                                           bitcoin_hash_engine__28 |        543 |        543 |       0 |    0 |    979 |      0 |      0 |    0 |          0 |
|             g_explicit_dsp.u_core          |                                              bitcoin_sha256_core_dsp_explicit__28 |       1729 |       1729 |       0 |    0 |   1653 |      0 |      0 |    0 |          3 |
|               (g_explicit_dsp.u_core)      |                                              bitcoin_sha256_core_dsp_explicit__28 |        257 |        257 |       0 |    0 |      0 |      0 |      0 |    0 |          0 |
|               u_core                       |                                                      sha256_core_dsp_explicit__28 |       1472 |       1472 |       0 |    0 |   1653 |      0 |      0 |    0 |          3 |
|                 u_core                     |                                                         sha256_core_iterative__28 |       1472 |       1472 |       0 |    0 |   1653 |      0 |      0 |    0 |          3 |
|                   (u_core)                 |                                                         sha256_core_iterative__28 |       1472 |       1472 |       0 |    0 |   1653 |      0 |      0 |    0 |          0 |
|           g_engines[28].u_engine           |                                                           bitcoin_hash_engine__29 |       2276 |       2276 |       0 |    0 |   2632 |      0 |      0 |    0 |          3 |
|             (g_engines[28].u_engine)       |                                                           bitcoin_hash_engine__29 |        551 |        551 |       0 |    0 |    979 |      0 |      0 |    0 |          0 |
|             g_explicit_dsp.u_core          |                                              bitcoin_sha256_core_dsp_explicit__29 |       1725 |       1725 |       0 |    0 |   1653 |      0 |      0 |    0 |          3 |
|               (g_explicit_dsp.u_core)      |                                              bitcoin_sha256_core_dsp_explicit__29 |        257 |        257 |       0 |    0 |      0 |      0 |      0 |    0 |          0 |
|               u_core                       |                                                      sha256_core_dsp_explicit__29 |       1468 |       1468 |       0 |    0 |   1653 |      0 |      0 |    0 |          3 |
|                 u_core                     |                                                         sha256_core_iterative__29 |       1468 |       1468 |       0 |    0 |   1653 |      0 |      0 |    0 |          3 |
|                   (u_core)                 |                                                         sha256_core_iterative__29 |       1468 |       1468 |       0 |    0 |   1653 |      0 |      0 |    0 |          0 |
|           g_engines[29].u_engine           |                                                           bitcoin_hash_engine__30 |       2274 |       2274 |       0 |    0 |   2632 |      0 |      0 |    0 |          3 |
|             (g_engines[29].u_engine)       |                                                           bitcoin_hash_engine__30 |        550 |        550 |       0 |    0 |    979 |      0 |      0 |    0 |          0 |
|             g_explicit_dsp.u_core          |                                              bitcoin_sha256_core_dsp_explicit__30 |       1725 |       1725 |       0 |    0 |   1653 |      0 |      0 |    0 |          3 |
|               (g_explicit_dsp.u_core)      |                                              bitcoin_sha256_core_dsp_explicit__30 |        257 |        257 |       0 |    0 |      0 |      0 |      0 |    0 |          0 |
|               u_core                       |                                                      sha256_core_dsp_explicit__30 |       1468 |       1468 |       0 |    0 |   1653 |      0 |      0 |    0 |          3 |
|                 u_core                     |                                                         sha256_core_iterative__30 |       1468 |       1468 |       0 |    0 |   1653 |      0 |      0 |    0 |          3 |
|                   (u_core)                 |                                                         sha256_core_iterative__30 |       1468 |       1468 |       0 |    0 |   1653 |      0 |      0 |    0 |          0 |
|           g_engines[2].u_engine            |                                                            bitcoin_hash_engine__3 |       2282 |       2282 |       0 |    0 |   2632 |      0 |      0 |    0 |          3 |
|             (g_engines[2].u_engine)        |                                                            bitcoin_hash_engine__3 |        558 |        558 |       0 |    0 |    979 |      0 |      0 |    0 |          0 |
|             g_explicit_dsp.u_core          |                                               bitcoin_sha256_core_dsp_explicit__3 |       1726 |       1726 |       0 |    0 |   1653 |      0 |      0 |    0 |          3 |
|               (g_explicit_dsp.u_core)      |                                               bitcoin_sha256_core_dsp_explicit__3 |        257 |        257 |       0 |    0 |      0 |      0 |      0 |    0 |          0 |
|               u_core                       |                                                       sha256_core_dsp_explicit__3 |       1469 |       1469 |       0 |    0 |   1653 |      0 |      0 |    0 |          3 |
|                 u_core                     |                                                          sha256_core_iterative__3 |       1469 |       1469 |       0 |    0 |   1653 |      0 |      0 |    0 |          3 |
|                   (u_core)                 |                                                          sha256_core_iterative__3 |       1469 |       1469 |       0 |    0 |   1653 |      0 |      0 |    0 |          0 |
|           g_engines[30].u_engine           |                                                           bitcoin_hash_engine__31 |       2285 |       2285 |       0 |    0 |   2632 |      0 |      0 |    0 |          3 |
|             (g_engines[30].u_engine)       |                                                           bitcoin_hash_engine__31 |        561 |        561 |       0 |    0 |    979 |      0 |      0 |    0 |          0 |
|             g_explicit_dsp.u_core          |                                              bitcoin_sha256_core_dsp_explicit__31 |       1725 |       1725 |       0 |    0 |   1653 |      0 |      0 |    0 |          3 |
|               (g_explicit_dsp.u_core)      |                                              bitcoin_sha256_core_dsp_explicit__31 |        257 |        257 |       0 |    0 |      0 |      0 |      0 |    0 |          0 |
|               u_core                       |                                                      sha256_core_dsp_explicit__31 |       1468 |       1468 |       0 |    0 |   1653 |      0 |      0 |    0 |          3 |
|                 u_core                     |                                                         sha256_core_iterative__31 |       1468 |       1468 |       0 |    0 |   1653 |      0 |      0 |    0 |          3 |
|                   (u_core)                 |                                                         sha256_core_iterative__31 |       1468 |       1468 |       0 |    0 |   1653 |      0 |      0 |    0 |          0 |
|           g_engines[31].u_engine           |                                                               bitcoin_hash_engine |       2278 |       2278 |       0 |    0 |   2632 |      0 |      0 |    0 |          3 |
|             (g_engines[31].u_engine)       |                                                               bitcoin_hash_engine |        556 |        556 |       0 |    0 |    979 |      0 |      0 |    0 |          0 |
|             g_explicit_dsp.u_core          |                                                  bitcoin_sha256_core_dsp_explicit |       1725 |       1725 |       0 |    0 |   1653 |      0 |      0 |    0 |          3 |
|               (g_explicit_dsp.u_core)      |                                                  bitcoin_sha256_core_dsp_explicit |        257 |        257 |       0 |    0 |      0 |      0 |      0 |    0 |          0 |
|               u_core                       |                                                          sha256_core_dsp_explicit |       1468 |       1468 |       0 |    0 |   1653 |      0 |      0 |    0 |          3 |
|                 u_core                     |                                                             sha256_core_iterative |       1468 |       1468 |       0 |    0 |   1653 |      0 |      0 |    0 |          3 |
|                   (u_core)                 |                                                             sha256_core_iterative |       1468 |       1468 |       0 |    0 |   1653 |      0 |      0 |    0 |          0 |
|           g_engines[3].u_engine            |                                                            bitcoin_hash_engine__4 |       2274 |       2274 |       0 |    0 |   2632 |      0 |      0 |    0 |          3 |
|             (g_engines[3].u_engine)        |                                                            bitcoin_hash_engine__4 |        551 |        551 |       0 |    0 |    979 |      0 |      0 |    0 |          0 |
|             g_explicit_dsp.u_core          |                                               bitcoin_sha256_core_dsp_explicit__4 |       1724 |       1724 |       0 |    0 |   1653 |      0 |      0 |    0 |          3 |
|               (g_explicit_dsp.u_core)      |                                               bitcoin_sha256_core_dsp_explicit__4 |        257 |        257 |       0 |    0 |      0 |      0 |      0 |    0 |          0 |
|               u_core                       |                                                       sha256_core_dsp_explicit__4 |       1467 |       1467 |       0 |    0 |   1653 |      0 |      0 |    0 |          3 |
|                 u_core                     |                                                          sha256_core_iterative__4 |       1467 |       1467 |       0 |    0 |   1653 |      0 |      0 |    0 |          3 |
|                   (u_core)                 |                                                          sha256_core_iterative__4 |       1467 |       1467 |       0 |    0 |   1653 |      0 |      0 |    0 |          0 |
|           g_engines[4].u_engine            |                                                            bitcoin_hash_engine__5 |       2273 |       2273 |       0 |    0 |   2632 |      0 |      0 |    0 |          3 |
|             (g_engines[4].u_engine)        |                                                            bitcoin_hash_engine__5 |        549 |        549 |       0 |    0 |    979 |      0 |      0 |    0 |          0 |
|             g_explicit_dsp.u_core          |                                               bitcoin_sha256_core_dsp_explicit__5 |       1724 |       1724 |       0 |    0 |   1653 |      0 |      0 |    0 |          3 |
|               (g_explicit_dsp.u_core)      |                                               bitcoin_sha256_core_dsp_explicit__5 |        257 |        257 |       0 |    0 |      0 |      0 |      0 |    0 |          0 |
|               u_core                       |                                                       sha256_core_dsp_explicit__5 |       1467 |       1467 |       0 |    0 |   1653 |      0 |      0 |    0 |          3 |
|                 u_core                     |                                                          sha256_core_iterative__5 |       1467 |       1467 |       0 |    0 |   1653 |      0 |      0 |    0 |          3 |
|                   (u_core)                 |                                                          sha256_core_iterative__5 |       1467 |       1467 |       0 |    0 |   1653 |      0 |      0 |    0 |          0 |
|           g_engines[5].u_engine            |                                                            bitcoin_hash_engine__6 |       2278 |       2278 |       0 |    0 |   2632 |      0 |      0 |    0 |          3 |
|             (g_engines[5].u_engine)        |                                                            bitcoin_hash_engine__6 |        555 |        555 |       0 |    0 |    979 |      0 |      0 |    0 |          0 |
|             g_explicit_dsp.u_core          |                                               bitcoin_sha256_core_dsp_explicit__6 |       1724 |       1724 |       0 |    0 |   1653 |      0 |      0 |    0 |          3 |
|               (g_explicit_dsp.u_core)      |                                               bitcoin_sha256_core_dsp_explicit__6 |        257 |        257 |       0 |    0 |      0 |      0 |      0 |    0 |          0 |
|               u_core                       |                                                       sha256_core_dsp_explicit__6 |       1467 |       1467 |       0 |    0 |   1653 |      0 |      0 |    0 |          3 |
|                 u_core                     |                                                          sha256_core_iterative__6 |       1467 |       1467 |       0 |    0 |   1653 |      0 |      0 |    0 |          3 |
|                   (u_core)                 |                                                          sha256_core_iterative__6 |       1467 |       1467 |       0 |    0 |   1653 |      0 |      0 |    0 |          0 |
|           g_engines[6].u_engine            |                                                            bitcoin_hash_engine__7 |       2285 |       2285 |       0 |    0 |   2632 |      0 |      0 |    0 |          3 |
|             (g_engines[6].u_engine)        |                                                            bitcoin_hash_engine__7 |        560 |        560 |       0 |    0 |    979 |      0 |      0 |    0 |          0 |
|             g_explicit_dsp.u_core          |                                               bitcoin_sha256_core_dsp_explicit__7 |       1725 |       1725 |       0 |    0 |   1653 |      0 |      0 |    0 |          3 |
|               (g_explicit_dsp.u_core)      |                                               bitcoin_sha256_core_dsp_explicit__7 |        257 |        257 |       0 |    0 |      0 |      0 |      0 |    0 |          0 |
|               u_core                       |                                                       sha256_core_dsp_explicit__7 |       1468 |       1468 |       0 |    0 |   1653 |      0 |      0 |    0 |          3 |
|                 u_core                     |                                                          sha256_core_iterative__7 |       1468 |       1468 |       0 |    0 |   1653 |      0 |      0 |    0 |          3 |
|                   (u_core)                 |                                                          sha256_core_iterative__7 |       1468 |       1468 |       0 |    0 |   1653 |      0 |      0 |    0 |          0 |
|           g_engines[7].u_engine            |                                                            bitcoin_hash_engine__8 |       2276 |       2276 |       0 |    0 |   2632 |      0 |      0 |    0 |          3 |
|             (g_engines[7].u_engine)        |                                                            bitcoin_hash_engine__8 |        554 |        554 |       0 |    0 |    979 |      0 |      0 |    0 |          0 |
|             g_explicit_dsp.u_core          |                                               bitcoin_sha256_core_dsp_explicit__8 |       1722 |       1722 |       0 |    0 |   1653 |      0 |      0 |    0 |          3 |
|               (g_explicit_dsp.u_core)      |                                               bitcoin_sha256_core_dsp_explicit__8 |        257 |        257 |       0 |    0 |      0 |      0 |      0 |    0 |          0 |
|               u_core                       |                                                       sha256_core_dsp_explicit__8 |       1465 |       1465 |       0 |    0 |   1653 |      0 |      0 |    0 |          3 |
|                 u_core                     |                                                          sha256_core_iterative__8 |       1465 |       1465 |       0 |    0 |   1653 |      0 |      0 |    0 |          3 |
|                   (u_core)                 |                                                          sha256_core_iterative__8 |       1465 |       1465 |       0 |    0 |   1653 |      0 |      0 |    0 |          0 |
|           g_engines[8].u_engine            |                                                            bitcoin_hash_engine__9 |       2283 |       2283 |       0 |    0 |   2632 |      0 |      0 |    0 |          3 |
|             (g_engines[8].u_engine)        |                                                            bitcoin_hash_engine__9 |        559 |        559 |       0 |    0 |    979 |      0 |      0 |    0 |          0 |
|             g_explicit_dsp.u_core          |                                               bitcoin_sha256_core_dsp_explicit__9 |       1724 |       1724 |       0 |    0 |   1653 |      0 |      0 |    0 |          3 |
|               (g_explicit_dsp.u_core)      |                                               bitcoin_sha256_core_dsp_explicit__9 |        257 |        257 |       0 |    0 |      0 |      0 |      0 |    0 |          0 |
|               u_core                       |                                                       sha256_core_dsp_explicit__9 |       1467 |       1467 |       0 |    0 |   1653 |      0 |      0 |    0 |          3 |
|                 u_core                     |                                                          sha256_core_iterative__9 |       1467 |       1467 |       0 |    0 |   1653 |      0 |      0 |    0 |          3 |
|                   (u_core)                 |                                                          sha256_core_iterative__9 |       1467 |       1467 |       0 |    0 |   1653 |      0 |      0 |    0 |          0 |
|           g_engines[9].u_engine            |                                                           bitcoin_hash_engine__10 |       2261 |       2261 |       0 |    0 |   2632 |      0 |      0 |    0 |          3 |
|             (g_engines[9].u_engine)        |                                                           bitcoin_hash_engine__10 |        535 |        535 |       0 |    0 |    979 |      0 |      0 |    0 |          0 |
|             g_explicit_dsp.u_core          |                                              bitcoin_sha256_core_dsp_explicit__10 |       1727 |       1727 |       0 |    0 |   1653 |      0 |      0 |    0 |          3 |
|               (g_explicit_dsp.u_core)      |                                              bitcoin_sha256_core_dsp_explicit__10 |        257 |        257 |       0 |    0 |      0 |      0 |      0 |    0 |          0 |
|               u_core                       |                                                      sha256_core_dsp_explicit__10 |       1470 |       1470 |       0 |    0 |   1653 |      0 |      0 |    0 |          3 |
|                 u_core                     |                                                         sha256_core_iterative__10 |       1470 |       1470 |       0 |    0 |   1653 |      0 |      0 |    0 |          3 |
|                   (u_core)                 |                                                         sha256_core_iterative__10 |       1470 |       1470 |       0 |    0 |   1653 |      0 |      0 |    0 |          0 |
|     miner_1                                |                                                            miner_system_miner_1_0 |      74092 |      74092 |       0 |    0 |  88480 |      0 |      0 |    0 |         96 |
|       inst                                 |                                                              bitcoin_miner_axi_32 |      74092 |      74092 |       0 |    0 |  88480 |      0 |      0 |    0 |         96 |
|         u_miner                            |                                                                 bitcoin_miner_axi |      74092 |      74092 |       0 |    0 |  88480 |      0 |      0 |    0 |         96 |
|           (u_miner)                        |                                                                 bitcoin_miner_axi |        681 |        681 |       0 |    0 |   2967 |      0 |      0 |    0 |          0 |
|           g_clusters[0].u_result_fifo      |                                                       bitcoin_result_cluster_fifo |        591 |        591 |       0 |    0 |   1289 |      0 |      0 |    0 |          0 |
|           g_engines[0].u_engine            |                                                            bitcoin_hash_engine__1 |       2269 |       2269 |       0 |    0 |   2632 |      0 |      0 |    0 |          3 |
|             (g_engines[0].u_engine)        |                                                            bitcoin_hash_engine__1 |        546 |        546 |       0 |    0 |    979 |      0 |      0 |    0 |          0 |
|             g_explicit_dsp.u_core          |                                               bitcoin_sha256_core_dsp_explicit__1 |       1724 |       1724 |       0 |    0 |   1653 |      0 |      0 |    0 |          3 |
|               (g_explicit_dsp.u_core)      |                                               bitcoin_sha256_core_dsp_explicit__1 |        257 |        257 |       0 |    0 |      0 |      0 |      0 |    0 |          0 |
|               u_core                       |                                                       sha256_core_dsp_explicit__1 |       1467 |       1467 |       0 |    0 |   1653 |      0 |      0 |    0 |          3 |
|                 u_core                     |                                                          sha256_core_iterative__1 |       1467 |       1467 |       0 |    0 |   1653 |      0 |      0 |    0 |          3 |
|                   (u_core)                 |                                                          sha256_core_iterative__1 |       1467 |       1467 |       0 |    0 |   1653 |      0 |      0 |    0 |          0 |
|           g_engines[10].u_engine           |                                                           bitcoin_hash_engine__11 |       2265 |       2265 |       0 |    0 |   2632 |      0 |      0 |    0 |          3 |
|             (g_engines[10].u_engine)       |                                                           bitcoin_hash_engine__11 |        542 |        542 |       0 |    0 |    979 |      0 |      0 |    0 |          0 |
|             g_explicit_dsp.u_core          |                                              bitcoin_sha256_core_dsp_explicit__11 |       1725 |       1725 |       0 |    0 |   1653 |      0 |      0 |    0 |          3 |
|               (g_explicit_dsp.u_core)      |                                              bitcoin_sha256_core_dsp_explicit__11 |        257 |        257 |       0 |    0 |      0 |      0 |      0 |    0 |          0 |
|               u_core                       |                                                      sha256_core_dsp_explicit__11 |       1468 |       1468 |       0 |    0 |   1653 |      0 |      0 |    0 |          3 |
|                 u_core                     |                                                         sha256_core_iterative__11 |       1468 |       1468 |       0 |    0 |   1653 |      0 |      0 |    0 |          3 |
|                   (u_core)                 |                                                         sha256_core_iterative__11 |       1468 |       1468 |       0 |    0 |   1653 |      0 |      0 |    0 |          0 |
|           g_engines[11].u_engine           |                                                           bitcoin_hash_engine__12 |       2279 |       2279 |       0 |    0 |   2632 |      0 |      0 |    0 |          3 |
|             (g_engines[11].u_engine)       |                                                           bitcoin_hash_engine__12 |        553 |        553 |       0 |    0 |    979 |      0 |      0 |    0 |          0 |
|             g_explicit_dsp.u_core          |                                              bitcoin_sha256_core_dsp_explicit__12 |       1726 |       1726 |       0 |    0 |   1653 |      0 |      0 |    0 |          3 |
|               (g_explicit_dsp.u_core)      |                                              bitcoin_sha256_core_dsp_explicit__12 |        257 |        257 |       0 |    0 |      0 |      0 |      0 |    0 |          0 |
|               u_core                       |                                                      sha256_core_dsp_explicit__12 |       1469 |       1469 |       0 |    0 |   1653 |      0 |      0 |    0 |          3 |
|                 u_core                     |                                                         sha256_core_iterative__12 |       1469 |       1469 |       0 |    0 |   1653 |      0 |      0 |    0 |          3 |
|                   (u_core)                 |                                                         sha256_core_iterative__12 |       1469 |       1469 |       0 |    0 |   1653 |      0 |      0 |    0 |          0 |
|           g_engines[12].u_engine           |                                                           bitcoin_hash_engine__13 |       2267 |       2267 |       0 |    0 |   2632 |      0 |      0 |    0 |          3 |
|             (g_engines[12].u_engine)       |                                                           bitcoin_hash_engine__13 |        543 |        543 |       0 |    0 |    979 |      0 |      0 |    0 |          0 |
|             g_explicit_dsp.u_core          |                                              bitcoin_sha256_core_dsp_explicit__13 |       1724 |       1724 |       0 |    0 |   1653 |      0 |      0 |    0 |          3 |
|               (g_explicit_dsp.u_core)      |                                              bitcoin_sha256_core_dsp_explicit__13 |        257 |        257 |       0 |    0 |      0 |      0 |      0 |    0 |          0 |
|               u_core                       |                                                      sha256_core_dsp_explicit__13 |       1467 |       1467 |       0 |    0 |   1653 |      0 |      0 |    0 |          3 |
|                 u_core                     |                                                         sha256_core_iterative__13 |       1467 |       1467 |       0 |    0 |   1653 |      0 |      0 |    0 |          3 |
|                   (u_core)                 |                                                         sha256_core_iterative__13 |       1467 |       1467 |       0 |    0 |   1653 |      0 |      0 |    0 |          0 |
|           g_engines[13].u_engine           |                                                           bitcoin_hash_engine__14 |       2280 |       2280 |       0 |    0 |   2632 |      0 |      0 |    0 |          3 |
|             (g_engines[13].u_engine)       |                                                           bitcoin_hash_engine__14 |        557 |        557 |       0 |    0 |    979 |      0 |      0 |    0 |          0 |
|             g_explicit_dsp.u_core          |                                              bitcoin_sha256_core_dsp_explicit__14 |       1724 |       1724 |       0 |    0 |   1653 |      0 |      0 |    0 |          3 |
|               (g_explicit_dsp.u_core)      |                                              bitcoin_sha256_core_dsp_explicit__14 |        257 |        257 |       0 |    0 |      0 |      0 |      0 |    0 |          0 |
|               u_core                       |                                                      sha256_core_dsp_explicit__14 |       1467 |       1467 |       0 |    0 |   1653 |      0 |      0 |    0 |          3 |
|                 u_core                     |                                                         sha256_core_iterative__14 |       1467 |       1467 |       0 |    0 |   1653 |      0 |      0 |    0 |          3 |
|                   (u_core)                 |                                                         sha256_core_iterative__14 |       1467 |       1467 |       0 |    0 |   1653 |      0 |      0 |    0 |          0 |
|           g_engines[14].u_engine           |                                                           bitcoin_hash_engine__15 |       2278 |       2278 |       0 |    0 |   2632 |      0 |      0 |    0 |          3 |
|             (g_engines[14].u_engine)       |                                                           bitcoin_hash_engine__15 |        556 |        556 |       0 |    0 |    979 |      0 |      0 |    0 |          0 |
|             g_explicit_dsp.u_core          |                                              bitcoin_sha256_core_dsp_explicit__15 |       1722 |       1722 |       0 |    0 |   1653 |      0 |      0 |    0 |          3 |
|               (g_explicit_dsp.u_core)      |                                              bitcoin_sha256_core_dsp_explicit__15 |        257 |        257 |       0 |    0 |      0 |      0 |      0 |    0 |          0 |
|               u_core                       |                                                      sha256_core_dsp_explicit__15 |       1465 |       1465 |       0 |    0 |   1653 |      0 |      0 |    0 |          3 |
|                 u_core                     |                                                         sha256_core_iterative__15 |       1465 |       1465 |       0 |    0 |   1653 |      0 |      0 |    0 |          3 |
|                   (u_core)                 |                                                         sha256_core_iterative__15 |       1465 |       1465 |       0 |    0 |   1653 |      0 |      0 |    0 |          0 |
|           g_engines[15].u_engine           |                                                           bitcoin_hash_engine__16 |       2274 |       2274 |       0 |    0 |   2632 |      0 |      0 |    0 |          3 |
|             (g_engines[15].u_engine)       |                                                           bitcoin_hash_engine__16 |        550 |        550 |       0 |    0 |    979 |      0 |      0 |    0 |          0 |
|             g_explicit_dsp.u_core          |                                              bitcoin_sha256_core_dsp_explicit__16 |       1724 |       1724 |       0 |    0 |   1653 |      0 |      0 |    0 |          3 |
|               (g_explicit_dsp.u_core)      |                                              bitcoin_sha256_core_dsp_explicit__16 |        257 |        257 |       0 |    0 |      0 |      0 |      0 |    0 |          0 |
|               u_core                       |                                                      sha256_core_dsp_explicit__16 |       1468 |       1468 |       0 |    0 |   1653 |      0 |      0 |    0 |          3 |
|                 u_core                     |                                                         sha256_core_iterative__16 |       1468 |       1468 |       0 |    0 |   1653 |      0 |      0 |    0 |          3 |
|                   (u_core)                 |                                                         sha256_core_iterative__16 |       1468 |       1468 |       0 |    0 |   1653 |      0 |      0 |    0 |          0 |
|           g_engines[16].u_engine           |                                                           bitcoin_hash_engine__17 |       2267 |       2267 |       0 |    0 |   2632 |      0 |      0 |    0 |          3 |
|             (g_engines[16].u_engine)       |                                                           bitcoin_hash_engine__17 |        543 |        543 |       0 |    0 |    979 |      0 |      0 |    0 |          0 |
|             g_explicit_dsp.u_core          |                                              bitcoin_sha256_core_dsp_explicit__17 |       1725 |       1725 |       0 |    0 |   1653 |      0 |      0 |    0 |          3 |
|               (g_explicit_dsp.u_core)      |                                              bitcoin_sha256_core_dsp_explicit__17 |        257 |        257 |       0 |    0 |      0 |      0 |      0 |    0 |          0 |
|               u_core                       |                                                      sha256_core_dsp_explicit__17 |       1468 |       1468 |       0 |    0 |   1653 |      0 |      0 |    0 |          3 |
|                 u_core                     |                                                         sha256_core_iterative__17 |       1468 |       1468 |       0 |    0 |   1653 |      0 |      0 |    0 |          3 |
|                   (u_core)                 |                                                         sha256_core_iterative__17 |       1468 |       1468 |       0 |    0 |   1653 |      0 |      0 |    0 |          0 |
|           g_engines[17].u_engine           |                                                           bitcoin_hash_engine__18 |       2280 |       2280 |       0 |    0 |   2632 |      0 |      0 |    0 |          3 |
|             (g_engines[17].u_engine)       |                                                           bitcoin_hash_engine__18 |        556 |        556 |       0 |    0 |    979 |      0 |      0 |    0 |          0 |
|             g_explicit_dsp.u_core          |                                              bitcoin_sha256_core_dsp_explicit__18 |       1725 |       1725 |       0 |    0 |   1653 |      0 |      0 |    0 |          3 |
|               (g_explicit_dsp.u_core)      |                                              bitcoin_sha256_core_dsp_explicit__18 |        257 |        257 |       0 |    0 |      0 |      0 |      0 |    0 |          0 |
|               u_core                       |                                                      sha256_core_dsp_explicit__18 |       1468 |       1468 |       0 |    0 |   1653 |      0 |      0 |    0 |          3 |
|                 u_core                     |                                                         sha256_core_iterative__18 |       1468 |       1468 |       0 |    0 |   1653 |      0 |      0 |    0 |          3 |
|                   (u_core)                 |                                                         sha256_core_iterative__18 |       1468 |       1468 |       0 |    0 |   1653 |      0 |      0 |    0 |          0 |
|           g_engines[18].u_engine           |                                                           bitcoin_hash_engine__19 |       2289 |       2289 |       0 |    0 |   2632 |      0 |      0 |    0 |          3 |
|             (g_engines[18].u_engine)       |                                                           bitcoin_hash_engine__19 |        566 |        566 |       0 |    0 |    979 |      0 |      0 |    0 |          0 |
|             g_explicit_dsp.u_core          |                                              bitcoin_sha256_core_dsp_explicit__19 |       1724 |       1724 |       0 |    0 |   1653 |      0 |      0 |    0 |          3 |
|               (g_explicit_dsp.u_core)      |                                              bitcoin_sha256_core_dsp_explicit__19 |        257 |        257 |       0 |    0 |      0 |      0 |      0 |    0 |          0 |
|               u_core                       |                                                      sha256_core_dsp_explicit__19 |       1467 |       1467 |       0 |    0 |   1653 |      0 |      0 |    0 |          3 |
|                 u_core                     |                                                         sha256_core_iterative__19 |       1467 |       1467 |       0 |    0 |   1653 |      0 |      0 |    0 |          3 |
|                   (u_core)                 |                                                         sha256_core_iterative__19 |       1467 |       1467 |       0 |    0 |   1653 |      0 |      0 |    0 |          0 |
|           g_engines[19].u_engine           |                                                           bitcoin_hash_engine__20 |       2275 |       2275 |       0 |    0 |   2632 |      0 |      0 |    0 |          3 |
|             (g_engines[19].u_engine)       |                                                           bitcoin_hash_engine__20 |        548 |        548 |       0 |    0 |    979 |      0 |      0 |    0 |          0 |
|             g_explicit_dsp.u_core          |                                              bitcoin_sha256_core_dsp_explicit__20 |       1728 |       1728 |       0 |    0 |   1653 |      0 |      0 |    0 |          3 |
|               (g_explicit_dsp.u_core)      |                                              bitcoin_sha256_core_dsp_explicit__20 |        257 |        257 |       0 |    0 |      0 |      0 |      0 |    0 |          0 |
|               u_core                       |                                                      sha256_core_dsp_explicit__20 |       1471 |       1471 |       0 |    0 |   1653 |      0 |      0 |    0 |          3 |
|                 u_core                     |                                                         sha256_core_iterative__20 |       1471 |       1471 |       0 |    0 |   1653 |      0 |      0 |    0 |          3 |
|                   (u_core)                 |                                                         sha256_core_iterative__20 |       1471 |       1471 |       0 |    0 |   1653 |      0 |      0 |    0 |          0 |
|           g_engines[1].u_engine            |                                                            bitcoin_hash_engine__2 |       2271 |       2271 |       0 |    0 |   2632 |      0 |      0 |    0 |          3 |
|             (g_engines[1].u_engine)        |                                                            bitcoin_hash_engine__2 |        546 |        546 |       0 |    0 |    979 |      0 |      0 |    0 |          0 |
|             g_explicit_dsp.u_core          |                                               bitcoin_sha256_core_dsp_explicit__2 |       1725 |       1725 |       0 |    0 |   1653 |      0 |      0 |    0 |          3 |
|               (g_explicit_dsp.u_core)      |                                               bitcoin_sha256_core_dsp_explicit__2 |        257 |        257 |       0 |    0 |      0 |      0 |      0 |    0 |          0 |
|               u_core                       |                                                       sha256_core_dsp_explicit__2 |       1468 |       1468 |       0 |    0 |   1653 |      0 |      0 |    0 |          3 |
|                 u_core                     |                                                          sha256_core_iterative__2 |       1468 |       1468 |       0 |    0 |   1653 |      0 |      0 |    0 |          3 |
|                   (u_core)                 |                                                          sha256_core_iterative__2 |       1468 |       1468 |       0 |    0 |   1653 |      0 |      0 |    0 |          0 |
|           g_engines[20].u_engine           |                                                           bitcoin_hash_engine__21 |       2285 |       2285 |       0 |    0 |   2632 |      0 |      0 |    0 |          3 |
|             (g_engines[20].u_engine)       |                                                           bitcoin_hash_engine__21 |        562 |        562 |       0 |    0 |    979 |      0 |      0 |    0 |          0 |
|             g_explicit_dsp.u_core          |                                              bitcoin_sha256_core_dsp_explicit__21 |       1723 |       1723 |       0 |    0 |   1653 |      0 |      0 |    0 |          3 |
|               (g_explicit_dsp.u_core)      |                                              bitcoin_sha256_core_dsp_explicit__21 |        257 |        257 |       0 |    0 |      0 |      0 |      0 |    0 |          0 |
|               u_core                       |                                                      sha256_core_dsp_explicit__21 |       1466 |       1466 |       0 |    0 |   1653 |      0 |      0 |    0 |          3 |
|                 u_core                     |                                                         sha256_core_iterative__21 |       1466 |       1466 |       0 |    0 |   1653 |      0 |      0 |    0 |          3 |
|                   (u_core)                 |                                                         sha256_core_iterative__21 |       1466 |       1466 |       0 |    0 |   1653 |      0 |      0 |    0 |          0 |
|           g_engines[21].u_engine           |                                                           bitcoin_hash_engine__22 |       2274 |       2274 |       0 |    0 |   2632 |      0 |      0 |    0 |          3 |
|             (g_engines[21].u_engine)       |                                                           bitcoin_hash_engine__22 |        552 |        552 |       0 |    0 |    979 |      0 |      0 |    0 |          0 |
|             g_explicit_dsp.u_core          |                                              bitcoin_sha256_core_dsp_explicit__22 |       1722 |       1722 |       0 |    0 |   1653 |      0 |      0 |    0 |          3 |
|               (g_explicit_dsp.u_core)      |                                              bitcoin_sha256_core_dsp_explicit__22 |        257 |        257 |       0 |    0 |      0 |      0 |      0 |    0 |          0 |
|               u_core                       |                                                      sha256_core_dsp_explicit__22 |       1465 |       1465 |       0 |    0 |   1653 |      0 |      0 |    0 |          3 |
|                 u_core                     |                                                         sha256_core_iterative__22 |       1465 |       1465 |       0 |    0 |   1653 |      0 |      0 |    0 |          3 |
|                   (u_core)                 |                                                         sha256_core_iterative__22 |       1465 |       1465 |       0 |    0 |   1653 |      0 |      0 |    0 |          0 |
|           g_engines[22].u_engine           |                                                           bitcoin_hash_engine__23 |       2262 |       2262 |       0 |    0 |   2632 |      0 |      0 |    0 |          3 |
|             (g_engines[22].u_engine)       |                                                           bitcoin_hash_engine__23 |        542 |        542 |       0 |    0 |    979 |      0 |      0 |    0 |          0 |
|             g_explicit_dsp.u_core          |                                              bitcoin_sha256_core_dsp_explicit__23 |       1722 |       1722 |       0 |    0 |   1653 |      0 |      0 |    0 |          3 |
|               (g_explicit_dsp.u_core)      |                                              bitcoin_sha256_core_dsp_explicit__23 |        257 |        257 |       0 |    0 |      0 |      0 |      0 |    0 |          0 |
|               u_core                       |                                                      sha256_core_dsp_explicit__23 |       1465 |       1465 |       0 |    0 |   1653 |      0 |      0 |    0 |          3 |
|                 u_core                     |                                                         sha256_core_iterative__23 |       1465 |       1465 |       0 |    0 |   1653 |      0 |      0 |    0 |          3 |
|                   (u_core)                 |                                                         sha256_core_iterative__23 |       1465 |       1465 |       0 |    0 |   1653 |      0 |      0 |    0 |          0 |
|           g_engines[23].u_engine           |                                                           bitcoin_hash_engine__24 |       2282 |       2282 |       0 |    0 |   2632 |      0 |      0 |    0 |          3 |
|             (g_engines[23].u_engine)       |                                                           bitcoin_hash_engine__24 |        556 |        556 |       0 |    0 |    979 |      0 |      0 |    0 |          0 |
|             g_explicit_dsp.u_core          |                                              bitcoin_sha256_core_dsp_explicit__24 |       1727 |       1727 |       0 |    0 |   1653 |      0 |      0 |    0 |          3 |
|               (g_explicit_dsp.u_core)      |                                              bitcoin_sha256_core_dsp_explicit__24 |        257 |        257 |       0 |    0 |      0 |      0 |      0 |    0 |          0 |
|               u_core                       |                                                      sha256_core_dsp_explicit__24 |       1470 |       1470 |       0 |    0 |   1653 |      0 |      0 |    0 |          3 |
|                 u_core                     |                                                         sha256_core_iterative__24 |       1470 |       1470 |       0 |    0 |   1653 |      0 |      0 |    0 |          3 |
|                   (u_core)                 |                                                         sha256_core_iterative__24 |       1470 |       1470 |       0 |    0 |   1653 |      0 |      0 |    0 |          0 |
|           g_engines[24].u_engine           |                                                           bitcoin_hash_engine__25 |       2276 |       2276 |       0 |    0 |   2632 |      0 |      0 |    0 |          3 |
|             (g_engines[24].u_engine)       |                                                           bitcoin_hash_engine__25 |        552 |        552 |       0 |    0 |    979 |      0 |      0 |    0 |          0 |
|             g_explicit_dsp.u_core          |                                              bitcoin_sha256_core_dsp_explicit__25 |       1725 |       1725 |       0 |    0 |   1653 |      0 |      0 |    0 |          3 |
|               (g_explicit_dsp.u_core)      |                                              bitcoin_sha256_core_dsp_explicit__25 |        257 |        257 |       0 |    0 |      0 |      0 |      0 |    0 |          0 |
|               u_core                       |                                                      sha256_core_dsp_explicit__25 |       1468 |       1468 |       0 |    0 |   1653 |      0 |      0 |    0 |          3 |
|                 u_core                     |                                                         sha256_core_iterative__25 |       1468 |       1468 |       0 |    0 |   1653 |      0 |      0 |    0 |          3 |
|                   (u_core)                 |                                                         sha256_core_iterative__25 |       1468 |       1468 |       0 |    0 |   1653 |      0 |      0 |    0 |          0 |
|           g_engines[25].u_engine           |                                                           bitcoin_hash_engine__26 |       2281 |       2281 |       0 |    0 |   2632 |      0 |      0 |    0 |          3 |
|             (g_engines[25].u_engine)       |                                                           bitcoin_hash_engine__26 |        557 |        557 |       0 |    0 |    979 |      0 |      0 |    0 |          0 |
|             g_explicit_dsp.u_core          |                                              bitcoin_sha256_core_dsp_explicit__26 |       1725 |       1725 |       0 |    0 |   1653 |      0 |      0 |    0 |          3 |
|               (g_explicit_dsp.u_core)      |                                              bitcoin_sha256_core_dsp_explicit__26 |        257 |        257 |       0 |    0 |      0 |      0 |      0 |    0 |          0 |
|               u_core                       |                                                      sha256_core_dsp_explicit__26 |       1468 |       1468 |       0 |    0 |   1653 |      0 |      0 |    0 |          3 |
|                 u_core                     |                                                         sha256_core_iterative__26 |       1468 |       1468 |       0 |    0 |   1653 |      0 |      0 |    0 |          3 |
|                   (u_core)                 |                                                         sha256_core_iterative__26 |       1468 |       1468 |       0 |    0 |   1653 |      0 |      0 |    0 |          0 |
|           g_engines[26].u_engine           |                                                           bitcoin_hash_engine__27 |       2287 |       2287 |       0 |    0 |   2632 |      0 |      0 |    0 |          3 |
|             (g_engines[26].u_engine)       |                                                           bitcoin_hash_engine__27 |        560 |        560 |       0 |    0 |    979 |      0 |      0 |    0 |          0 |
|             g_explicit_dsp.u_core          |                                              bitcoin_sha256_core_dsp_explicit__27 |       1727 |       1727 |       0 |    0 |   1653 |      0 |      0 |    0 |          3 |
|               (g_explicit_dsp.u_core)      |                                              bitcoin_sha256_core_dsp_explicit__27 |        257 |        257 |       0 |    0 |      0 |      0 |      0 |    0 |          0 |
|               u_core                       |                                                      sha256_core_dsp_explicit__27 |       1470 |       1470 |       0 |    0 |   1653 |      0 |      0 |    0 |          3 |
|                 u_core                     |                                                         sha256_core_iterative__27 |       1470 |       1470 |       0 |    0 |   1653 |      0 |      0 |    0 |          3 |
|                   (u_core)                 |                                                         sha256_core_iterative__27 |       1470 |       1470 |       0 |    0 |   1653 |      0 |      0 |    0 |          0 |
|           g_engines[27].u_engine           |                                                           bitcoin_hash_engine__28 |       2277 |       2277 |       0 |    0 |   2632 |      0 |      0 |    0 |          3 |
|             (g_engines[27].u_engine)       |                                                           bitcoin_hash_engine__28 |        549 |        549 |       0 |    0 |    979 |      0 |      0 |    0 |          0 |
|             g_explicit_dsp.u_core          |                                              bitcoin_sha256_core_dsp_explicit__28 |       1728 |       1728 |       0 |    0 |   1653 |      0 |      0 |    0 |          3 |
|               (g_explicit_dsp.u_core)      |                                              bitcoin_sha256_core_dsp_explicit__28 |        257 |        257 |       0 |    0 |      0 |      0 |      0 |    0 |          0 |
|               u_core                       |                                                      sha256_core_dsp_explicit__28 |       1471 |       1471 |       0 |    0 |   1653 |      0 |      0 |    0 |          3 |
|                 u_core                     |                                                         sha256_core_iterative__28 |       1471 |       1471 |       0 |    0 |   1653 |      0 |      0 |    0 |          3 |
|                   (u_core)                 |                                                         sha256_core_iterative__28 |       1471 |       1471 |       0 |    0 |   1653 |      0 |      0 |    0 |          0 |
|           g_engines[28].u_engine           |                                                           bitcoin_hash_engine__29 |       2277 |       2277 |       0 |    0 |   2632 |      0 |      0 |    0 |          3 |
|             (g_engines[28].u_engine)       |                                                           bitcoin_hash_engine__29 |        553 |        553 |       0 |    0 |    979 |      0 |      0 |    0 |          0 |
|             g_explicit_dsp.u_core          |                                              bitcoin_sha256_core_dsp_explicit__29 |       1724 |       1724 |       0 |    0 |   1653 |      0 |      0 |    0 |          3 |
|               (g_explicit_dsp.u_core)      |                                              bitcoin_sha256_core_dsp_explicit__29 |        257 |        257 |       0 |    0 |      0 |      0 |      0 |    0 |          0 |
|               u_core                       |                                                      sha256_core_dsp_explicit__29 |       1467 |       1467 |       0 |    0 |   1653 |      0 |      0 |    0 |          3 |
|                 u_core                     |                                                         sha256_core_iterative__29 |       1467 |       1467 |       0 |    0 |   1653 |      0 |      0 |    0 |          3 |
|                   (u_core)                 |                                                         sha256_core_iterative__29 |       1467 |       1467 |       0 |    0 |   1653 |      0 |      0 |    0 |          0 |
|           g_engines[29].u_engine           |                                                           bitcoin_hash_engine__30 |       2278 |       2278 |       0 |    0 |   2632 |      0 |      0 |    0 |          3 |
|             (g_engines[29].u_engine)       |                                                           bitcoin_hash_engine__30 |        556 |        556 |       0 |    0 |    979 |      0 |      0 |    0 |          0 |
|             g_explicit_dsp.u_core          |                                              bitcoin_sha256_core_dsp_explicit__30 |       1724 |       1724 |       0 |    0 |   1653 |      0 |      0 |    0 |          3 |
|               (g_explicit_dsp.u_core)      |                                              bitcoin_sha256_core_dsp_explicit__30 |        257 |        257 |       0 |    0 |      0 |      0 |      0 |    0 |          0 |
|               u_core                       |                                                      sha256_core_dsp_explicit__30 |       1467 |       1467 |       0 |    0 |   1653 |      0 |      0 |    0 |          3 |
|                 u_core                     |                                                         sha256_core_iterative__30 |       1467 |       1467 |       0 |    0 |   1653 |      0 |      0 |    0 |          3 |
|                   (u_core)                 |                                                         sha256_core_iterative__30 |       1467 |       1467 |       0 |    0 |   1653 |      0 |      0 |    0 |          0 |
|           g_engines[2].u_engine            |                                                            bitcoin_hash_engine__3 |       2269 |       2269 |       0 |    0 |   2632 |      0 |      0 |    0 |          3 |
|             (g_engines[2].u_engine)        |                                                            bitcoin_hash_engine__3 |        545 |        545 |       0 |    0 |    979 |      0 |      0 |    0 |          0 |
|             g_explicit_dsp.u_core          |                                               bitcoin_sha256_core_dsp_explicit__3 |       1724 |       1724 |       0 |    0 |   1653 |      0 |      0 |    0 |          3 |
|               (g_explicit_dsp.u_core)      |                                               bitcoin_sha256_core_dsp_explicit__3 |        257 |        257 |       0 |    0 |      0 |      0 |      0 |    0 |          0 |
|               u_core                       |                                                       sha256_core_dsp_explicit__3 |       1467 |       1467 |       0 |    0 |   1653 |      0 |      0 |    0 |          3 |
|                 u_core                     |                                                          sha256_core_iterative__3 |       1467 |       1467 |       0 |    0 |   1653 |      0 |      0 |    0 |          3 |
|                   (u_core)                 |                                                          sha256_core_iterative__3 |       1467 |       1467 |       0 |    0 |   1653 |      0 |      0 |    0 |          0 |
|           g_engines[30].u_engine           |                                                           bitcoin_hash_engine__31 |       2277 |       2277 |       0 |    0 |   2632 |      0 |      0 |    0 |          3 |
|             (g_engines[30].u_engine)       |                                                           bitcoin_hash_engine__31 |        553 |        553 |       0 |    0 |    979 |      0 |      0 |    0 |          0 |
|             g_explicit_dsp.u_core          |                                              bitcoin_sha256_core_dsp_explicit__31 |       1724 |       1724 |       0 |    0 |   1653 |      0 |      0 |    0 |          3 |
|               (g_explicit_dsp.u_core)      |                                              bitcoin_sha256_core_dsp_explicit__31 |        257 |        257 |       0 |    0 |      0 |      0 |      0 |    0 |          0 |
|               u_core                       |                                                      sha256_core_dsp_explicit__31 |       1467 |       1467 |       0 |    0 |   1653 |      0 |      0 |    0 |          3 |
|                 u_core                     |                                                         sha256_core_iterative__31 |       1467 |       1467 |       0 |    0 |   1653 |      0 |      0 |    0 |          3 |
|                   (u_core)                 |                                                         sha256_core_iterative__31 |       1467 |       1467 |       0 |    0 |   1653 |      0 |      0 |    0 |          0 |
|           g_engines[31].u_engine           |                                                               bitcoin_hash_engine |       2271 |       2271 |       0 |    0 |   2632 |      0 |      0 |    0 |          3 |
|             (g_engines[31].u_engine)       |                                                               bitcoin_hash_engine |        546 |        546 |       0 |    0 |    979 |      0 |      0 |    0 |          0 |
|             g_explicit_dsp.u_core          |                                                  bitcoin_sha256_core_dsp_explicit |       1725 |       1725 |       0 |    0 |   1653 |      0 |      0 |    0 |          3 |
|               (g_explicit_dsp.u_core)      |                                                  bitcoin_sha256_core_dsp_explicit |        257 |        257 |       0 |    0 |      0 |      0 |      0 |    0 |          0 |
|               u_core                       |                                                          sha256_core_dsp_explicit |       1468 |       1468 |       0 |    0 |   1653 |      0 |      0 |    0 |          3 |
|                 u_core                     |                                                             sha256_core_iterative |       1468 |       1468 |       0 |    0 |   1653 |      0 |      0 |    0 |          3 |
|                   (u_core)                 |                                                             sha256_core_iterative |       1468 |       1468 |       0 |    0 |   1653 |      0 |      0 |    0 |          0 |
|           g_engines[3].u_engine            |                                                            bitcoin_hash_engine__4 |       2277 |       2277 |       0 |    0 |   2632 |      0 |      0 |    0 |          3 |
|             (g_engines[3].u_engine)        |                                                            bitcoin_hash_engine__4 |        552 |        552 |       0 |    0 |    979 |      0 |      0 |    0 |          0 |
|             g_explicit_dsp.u_core          |                                               bitcoin_sha256_core_dsp_explicit__4 |       1726 |       1726 |       0 |    0 |   1653 |      0 |      0 |    0 |          3 |
|               (g_explicit_dsp.u_core)      |                                               bitcoin_sha256_core_dsp_explicit__4 |        257 |        257 |       0 |    0 |      0 |      0 |      0 |    0 |          0 |
|               u_core                       |                                                       sha256_core_dsp_explicit__4 |       1469 |       1469 |       0 |    0 |   1653 |      0 |      0 |    0 |          3 |
|                 u_core                     |                                                          sha256_core_iterative__4 |       1469 |       1469 |       0 |    0 |   1653 |      0 |      0 |    0 |          3 |
|                   (u_core)                 |                                                          sha256_core_iterative__4 |       1469 |       1469 |       0 |    0 |   1653 |      0 |      0 |    0 |          0 |
|           g_engines[4].u_engine            |                                                            bitcoin_hash_engine__5 |       2271 |       2271 |       0 |    0 |   2632 |      0 |      0 |    0 |          3 |
|             (g_engines[4].u_engine)        |                                                            bitcoin_hash_engine__5 |        550 |        550 |       0 |    0 |    979 |      0 |      0 |    0 |          0 |
|             g_explicit_dsp.u_core          |                                               bitcoin_sha256_core_dsp_explicit__5 |       1723 |       1723 |       0 |    0 |   1653 |      0 |      0 |    0 |          3 |
|               (g_explicit_dsp.u_core)      |                                               bitcoin_sha256_core_dsp_explicit__5 |        257 |        257 |       0 |    0 |      0 |      0 |      0 |    0 |          0 |
|               u_core                       |                                                       sha256_core_dsp_explicit__5 |       1466 |       1466 |       0 |    0 |   1653 |      0 |      0 |    0 |          3 |
|                 u_core                     |                                                          sha256_core_iterative__5 |       1466 |       1466 |       0 |    0 |   1653 |      0 |      0 |    0 |          3 |
|                   (u_core)                 |                                                          sha256_core_iterative__5 |       1466 |       1466 |       0 |    0 |   1653 |      0 |      0 |    0 |          0 |
|           g_engines[5].u_engine            |                                                            bitcoin_hash_engine__6 |       2282 |       2282 |       0 |    0 |   2632 |      0 |      0 |    0 |          3 |
|             (g_engines[5].u_engine)        |                                                            bitcoin_hash_engine__6 |        557 |        557 |       0 |    0 |    979 |      0 |      0 |    0 |          0 |
|             g_explicit_dsp.u_core          |                                               bitcoin_sha256_core_dsp_explicit__6 |       1726 |       1726 |       0 |    0 |   1653 |      0 |      0 |    0 |          3 |
|               (g_explicit_dsp.u_core)      |                                               bitcoin_sha256_core_dsp_explicit__6 |        257 |        257 |       0 |    0 |      0 |      0 |      0 |    0 |          0 |
|               u_core                       |                                                       sha256_core_dsp_explicit__6 |       1469 |       1469 |       0 |    0 |   1653 |      0 |      0 |    0 |          3 |
|                 u_core                     |                                                          sha256_core_iterative__6 |       1469 |       1469 |       0 |    0 |   1653 |      0 |      0 |    0 |          3 |
|                   (u_core)                 |                                                          sha256_core_iterative__6 |       1469 |       1469 |       0 |    0 |   1653 |      0 |      0 |    0 |          0 |
|           g_engines[6].u_engine            |                                                            bitcoin_hash_engine__7 |       2275 |       2275 |       0 |    0 |   2632 |      0 |      0 |    0 |          3 |
|             (g_engines[6].u_engine)        |                                                            bitcoin_hash_engine__7 |        551 |        551 |       0 |    0 |    979 |      0 |      0 |    0 |          0 |
|             g_explicit_dsp.u_core          |                                               bitcoin_sha256_core_dsp_explicit__7 |       1725 |       1725 |       0 |    0 |   1653 |      0 |      0 |    0 |          3 |
|               (g_explicit_dsp.u_core)      |                                               bitcoin_sha256_core_dsp_explicit__7 |        257 |        257 |       0 |    0 |      0 |      0 |      0 |    0 |          0 |
|               u_core                       |                                                       sha256_core_dsp_explicit__7 |       1468 |       1468 |       0 |    0 |   1653 |      0 |      0 |    0 |          3 |
|                 u_core                     |                                                          sha256_core_iterative__7 |       1468 |       1468 |       0 |    0 |   1653 |      0 |      0 |    0 |          3 |
|                   (u_core)                 |                                                          sha256_core_iterative__7 |       1468 |       1468 |       0 |    0 |   1653 |      0 |      0 |    0 |          0 |
|           g_engines[7].u_engine            |                                                            bitcoin_hash_engine__8 |       2281 |       2281 |       0 |    0 |   2632 |      0 |      0 |    0 |          3 |
|             (g_engines[7].u_engine)        |                                                            bitcoin_hash_engine__8 |        553 |        553 |       0 |    0 |    979 |      0 |      0 |    0 |          0 |
|             g_explicit_dsp.u_core          |                                               bitcoin_sha256_core_dsp_explicit__8 |       1728 |       1728 |       0 |    0 |   1653 |      0 |      0 |    0 |          3 |
|               (g_explicit_dsp.u_core)      |                                               bitcoin_sha256_core_dsp_explicit__8 |        257 |        257 |       0 |    0 |      0 |      0 |      0 |    0 |          0 |
|               u_core                       |                                                       sha256_core_dsp_explicit__8 |       1471 |       1471 |       0 |    0 |   1653 |      0 |      0 |    0 |          3 |
|                 u_core                     |                                                          sha256_core_iterative__8 |       1471 |       1471 |       0 |    0 |   1653 |      0 |      0 |    0 |          3 |
|                   (u_core)                 |                                                          sha256_core_iterative__8 |       1471 |       1471 |       0 |    0 |   1653 |      0 |      0 |    0 |          0 |
|           g_engines[8].u_engine            |                                                            bitcoin_hash_engine__9 |       2269 |       2269 |       0 |    0 |   2632 |      0 |      0 |    0 |          3 |
|             (g_engines[8].u_engine)        |                                                            bitcoin_hash_engine__9 |        547 |        547 |       0 |    0 |    979 |      0 |      0 |    0 |          0 |
|             g_explicit_dsp.u_core          |                                               bitcoin_sha256_core_dsp_explicit__9 |       1724 |       1724 |       0 |    0 |   1653 |      0 |      0 |    0 |          3 |
|               (g_explicit_dsp.u_core)      |                                               bitcoin_sha256_core_dsp_explicit__9 |        257 |        257 |       0 |    0 |      0 |      0 |      0 |    0 |          0 |
|               u_core                       |                                                       sha256_core_dsp_explicit__9 |       1467 |       1467 |       0 |    0 |   1653 |      0 |      0 |    0 |          3 |
|                 u_core                     |                                                          sha256_core_iterative__9 |       1467 |       1467 |       0 |    0 |   1653 |      0 |      0 |    0 |          3 |
|                   (u_core)                 |                                                          sha256_core_iterative__9 |       1467 |       1467 |       0 |    0 |   1653 |      0 |      0 |    0 |          0 |
|           g_engines[9].u_engine            |                                                           bitcoin_hash_engine__10 |       2291 |       2291 |       0 |    0 |   2632 |      0 |      0 |    0 |          3 |
|             (g_engines[9].u_engine)        |                                                           bitcoin_hash_engine__10 |        565 |        565 |       0 |    0 |    979 |      0 |      0 |    0 |          0 |
|             g_explicit_dsp.u_core          |                                              bitcoin_sha256_core_dsp_explicit__10 |       1726 |       1726 |       0 |    0 |   1653 |      0 |      0 |    0 |          3 |
|               (g_explicit_dsp.u_core)      |                                              bitcoin_sha256_core_dsp_explicit__10 |        257 |        257 |       0 |    0 |      0 |      0 |      0 |    0 |          0 |
|               u_core                       |                                                      sha256_core_dsp_explicit__10 |       1469 |       1469 |       0 |    0 |   1653 |      0 |      0 |    0 |          3 |
|                 u_core                     |                                                         sha256_core_iterative__10 |       1469 |       1469 |       0 |    0 |   1653 |      0 |      0 |    0 |          3 |
|                   (u_core)                 |                                                         sha256_core_iterative__10 |       1469 |       1469 |       0 |    0 |   1653 |      0 |      0 |    0 |          0 |
|     miner_2                                |                                                            miner_system_miner_2_0 |      74205 |      74205 |       0 |    0 |  88480 |      0 |      0 |    0 |         96 |
|       inst                                 |                                                              bitcoin_miner_axi_32 |      74205 |      74205 |       0 |    0 |  88480 |      0 |      0 |    0 |         96 |
|         u_miner                            |                                                                 bitcoin_miner_axi |      74205 |      74205 |       0 |    0 |  88480 |      0 |      0 |    0 |         96 |
|           (u_miner)                        |                                                                 bitcoin_miner_axi |        687 |        687 |       0 |    0 |   2967 |      0 |      0 |    0 |          0 |
|           g_clusters[0].u_result_fifo      |                                                       bitcoin_result_cluster_fifo |        601 |        601 |       0 |    0 |   1289 |      0 |      0 |    0 |          0 |
|           g_engines[0].u_engine            |                                                            bitcoin_hash_engine__1 |       2277 |       2277 |       0 |    0 |   2632 |      0 |      0 |    0 |          3 |
|             (g_engines[0].u_engine)        |                                                            bitcoin_hash_engine__1 |        549 |        549 |       0 |    0 |    979 |      0 |      0 |    0 |          0 |
|             g_explicit_dsp.u_core          |                                               bitcoin_sha256_core_dsp_explicit__1 |       1729 |       1729 |       0 |    0 |   1653 |      0 |      0 |    0 |          3 |
|               (g_explicit_dsp.u_core)      |                                               bitcoin_sha256_core_dsp_explicit__1 |        257 |        257 |       0 |    0 |      0 |      0 |      0 |    0 |          0 |
|               u_core                       |                                                       sha256_core_dsp_explicit__1 |       1472 |       1472 |       0 |    0 |   1653 |      0 |      0 |    0 |          3 |
|                 u_core                     |                                                          sha256_core_iterative__1 |       1472 |       1472 |       0 |    0 |   1653 |      0 |      0 |    0 |          3 |
|                   (u_core)                 |                                                          sha256_core_iterative__1 |       1472 |       1472 |       0 |    0 |   1653 |      0 |      0 |    0 |          0 |
|           g_engines[10].u_engine           |                                                           bitcoin_hash_engine__11 |       2279 |       2279 |       0 |    0 |   2632 |      0 |      0 |    0 |          3 |
|             (g_engines[10].u_engine)       |                                                           bitcoin_hash_engine__11 |        553 |        553 |       0 |    0 |    979 |      0 |      0 |    0 |          0 |
|             g_explicit_dsp.u_core          |                                              bitcoin_sha256_core_dsp_explicit__11 |       1727 |       1727 |       0 |    0 |   1653 |      0 |      0 |    0 |          3 |
|               (g_explicit_dsp.u_core)      |                                              bitcoin_sha256_core_dsp_explicit__11 |        257 |        257 |       0 |    0 |      0 |      0 |      0 |    0 |          0 |
|               u_core                       |                                                      sha256_core_dsp_explicit__11 |       1470 |       1470 |       0 |    0 |   1653 |      0 |      0 |    0 |          3 |
|                 u_core                     |                                                         sha256_core_iterative__11 |       1470 |       1470 |       0 |    0 |   1653 |      0 |      0 |    0 |          3 |
|                   (u_core)                 |                                                         sha256_core_iterative__11 |       1470 |       1470 |       0 |    0 |   1653 |      0 |      0 |    0 |          0 |
|           g_engines[11].u_engine           |                                                           bitcoin_hash_engine__12 |       2290 |       2290 |       0 |    0 |   2632 |      0 |      0 |    0 |          3 |
|             (g_engines[11].u_engine)       |                                                           bitcoin_hash_engine__12 |        562 |        562 |       0 |    0 |    979 |      0 |      0 |    0 |          0 |
|             g_explicit_dsp.u_core          |                                              bitcoin_sha256_core_dsp_explicit__12 |       1729 |       1729 |       0 |    0 |   1653 |      0 |      0 |    0 |          3 |
|               (g_explicit_dsp.u_core)      |                                              bitcoin_sha256_core_dsp_explicit__12 |        257 |        257 |       0 |    0 |      0 |      0 |      0 |    0 |          0 |
|               u_core                       |                                                      sha256_core_dsp_explicit__12 |       1472 |       1472 |       0 |    0 |   1653 |      0 |      0 |    0 |          3 |
|                 u_core                     |                                                         sha256_core_iterative__12 |       1472 |       1472 |       0 |    0 |   1653 |      0 |      0 |    0 |          3 |
|                   (u_core)                 |                                                         sha256_core_iterative__12 |       1472 |       1472 |       0 |    0 |   1653 |      0 |      0 |    0 |          0 |
|           g_engines[12].u_engine           |                                                           bitcoin_hash_engine__13 |       2288 |       2288 |       0 |    0 |   2632 |      0 |      0 |    0 |          3 |
|             (g_engines[12].u_engine)       |                                                           bitcoin_hash_engine__13 |        567 |        567 |       0 |    0 |    979 |      0 |      0 |    0 |          0 |
|             g_explicit_dsp.u_core          |                                              bitcoin_sha256_core_dsp_explicit__13 |       1722 |       1722 |       0 |    0 |   1653 |      0 |      0 |    0 |          3 |
|               (g_explicit_dsp.u_core)      |                                              bitcoin_sha256_core_dsp_explicit__13 |        257 |        257 |       0 |    0 |      0 |      0 |      0 |    0 |          0 |
|               u_core                       |                                                      sha256_core_dsp_explicit__13 |       1465 |       1465 |       0 |    0 |   1653 |      0 |      0 |    0 |          3 |
|                 u_core                     |                                                         sha256_core_iterative__13 |       1465 |       1465 |       0 |    0 |   1653 |      0 |      0 |    0 |          3 |
|                   (u_core)                 |                                                         sha256_core_iterative__13 |       1465 |       1465 |       0 |    0 |   1653 |      0 |      0 |    0 |          0 |
|           g_engines[13].u_engine           |                                                           bitcoin_hash_engine__14 |       2283 |       2283 |       0 |    0 |   2632 |      0 |      0 |    0 |          3 |
|             (g_engines[13].u_engine)       |                                                           bitcoin_hash_engine__14 |        556 |        556 |       0 |    0 |    979 |      0 |      0 |    0 |          0 |
|             g_explicit_dsp.u_core          |                                              bitcoin_sha256_core_dsp_explicit__14 |       1727 |       1727 |       0 |    0 |   1653 |      0 |      0 |    0 |          3 |
|               (g_explicit_dsp.u_core)      |                                              bitcoin_sha256_core_dsp_explicit__14 |        257 |        257 |       0 |    0 |      0 |      0 |      0 |    0 |          0 |
|               u_core                       |                                                      sha256_core_dsp_explicit__14 |       1470 |       1470 |       0 |    0 |   1653 |      0 |      0 |    0 |          3 |
|                 u_core                     |                                                         sha256_core_iterative__14 |       1470 |       1470 |       0 |    0 |   1653 |      0 |      0 |    0 |          3 |
|                   (u_core)                 |                                                         sha256_core_iterative__14 |       1470 |       1470 |       0 |    0 |   1653 |      0 |      0 |    0 |          0 |
|           g_engines[14].u_engine           |                                                           bitcoin_hash_engine__15 |       2282 |       2282 |       0 |    0 |   2632 |      0 |      0 |    0 |          3 |
|             (g_engines[14].u_engine)       |                                                           bitcoin_hash_engine__15 |        557 |        557 |       0 |    0 |    979 |      0 |      0 |    0 |          0 |
|             g_explicit_dsp.u_core          |                                              bitcoin_sha256_core_dsp_explicit__15 |       1726 |       1726 |       0 |    0 |   1653 |      0 |      0 |    0 |          3 |
|               (g_explicit_dsp.u_core)      |                                              bitcoin_sha256_core_dsp_explicit__15 |        257 |        257 |       0 |    0 |      0 |      0 |      0 |    0 |          0 |
|               u_core                       |                                                      sha256_core_dsp_explicit__15 |       1469 |       1469 |       0 |    0 |   1653 |      0 |      0 |    0 |          3 |
|                 u_core                     |                                                         sha256_core_iterative__15 |       1469 |       1469 |       0 |    0 |   1653 |      0 |      0 |    0 |          3 |
|                   (u_core)                 |                                                         sha256_core_iterative__15 |       1469 |       1469 |       0 |    0 |   1653 |      0 |      0 |    0 |          0 |
|           g_engines[15].u_engine           |                                                           bitcoin_hash_engine__16 |       2270 |       2270 |       0 |    0 |   2632 |      0 |      0 |    0 |          3 |
|             (g_engines[15].u_engine)       |                                                           bitcoin_hash_engine__16 |        548 |        548 |       0 |    0 |    979 |      0 |      0 |    0 |          0 |
|             g_explicit_dsp.u_core          |                                              bitcoin_sha256_core_dsp_explicit__16 |       1725 |       1725 |       0 |    0 |   1653 |      0 |      0 |    0 |          3 |
|               (g_explicit_dsp.u_core)      |                                              bitcoin_sha256_core_dsp_explicit__16 |        257 |        257 |       0 |    0 |      0 |      0 |      0 |    0 |          0 |
|               u_core                       |                                                      sha256_core_dsp_explicit__16 |       1468 |       1468 |       0 |    0 |   1653 |      0 |      0 |    0 |          3 |
|                 u_core                     |                                                         sha256_core_iterative__16 |       1468 |       1468 |       0 |    0 |   1653 |      0 |      0 |    0 |          3 |
|                   (u_core)                 |                                                         sha256_core_iterative__16 |       1468 |       1468 |       0 |    0 |   1653 |      0 |      0 |    0 |          0 |
|           g_engines[16].u_engine           |                                                           bitcoin_hash_engine__17 |       2287 |       2287 |       0 |    0 |   2632 |      0 |      0 |    0 |          3 |
|             (g_engines[16].u_engine)       |                                                           bitcoin_hash_engine__17 |        563 |        563 |       0 |    0 |    979 |      0 |      0 |    0 |          0 |
|             g_explicit_dsp.u_core          |                                              bitcoin_sha256_core_dsp_explicit__17 |       1726 |       1726 |       0 |    0 |   1653 |      0 |      0 |    0 |          3 |
|               (g_explicit_dsp.u_core)      |                                              bitcoin_sha256_core_dsp_explicit__17 |        257 |        257 |       0 |    0 |      0 |      0 |      0 |    0 |          0 |
|               u_core                       |                                                      sha256_core_dsp_explicit__17 |       1469 |       1469 |       0 |    0 |   1653 |      0 |      0 |    0 |          3 |
|                 u_core                     |                                                         sha256_core_iterative__17 |       1469 |       1469 |       0 |    0 |   1653 |      0 |      0 |    0 |          3 |
|                   (u_core)                 |                                                         sha256_core_iterative__17 |       1469 |       1469 |       0 |    0 |   1653 |      0 |      0 |    0 |          0 |
|           g_engines[17].u_engine           |                                                           bitcoin_hash_engine__18 |       2282 |       2282 |       0 |    0 |   2632 |      0 |      0 |    0 |          3 |
|             (g_engines[17].u_engine)       |                                                           bitcoin_hash_engine__18 |        556 |        556 |       0 |    0 |    979 |      0 |      0 |    0 |          0 |
|             g_explicit_dsp.u_core          |                                              bitcoin_sha256_core_dsp_explicit__18 |       1729 |       1729 |       0 |    0 |   1653 |      0 |      0 |    0 |          3 |
|               (g_explicit_dsp.u_core)      |                                              bitcoin_sha256_core_dsp_explicit__18 |        257 |        257 |       0 |    0 |      0 |      0 |      0 |    0 |          0 |
|               u_core                       |                                                      sha256_core_dsp_explicit__18 |       1472 |       1472 |       0 |    0 |   1653 |      0 |      0 |    0 |          3 |
|                 u_core                     |                                                         sha256_core_iterative__18 |       1472 |       1472 |       0 |    0 |   1653 |      0 |      0 |    0 |          3 |
|                   (u_core)                 |                                                         sha256_core_iterative__18 |       1472 |       1472 |       0 |    0 |   1653 |      0 |      0 |    0 |          0 |
|           g_engines[18].u_engine           |                                                           bitcoin_hash_engine__19 |       2282 |       2282 |       0 |    0 |   2632 |      0 |      0 |    0 |          3 |
|             (g_engines[18].u_engine)       |                                                           bitcoin_hash_engine__19 |        557 |        557 |       0 |    0 |    979 |      0 |      0 |    0 |          0 |
|             g_explicit_dsp.u_core          |                                              bitcoin_sha256_core_dsp_explicit__19 |       1726 |       1726 |       0 |    0 |   1653 |      0 |      0 |    0 |          3 |
|               (g_explicit_dsp.u_core)      |                                              bitcoin_sha256_core_dsp_explicit__19 |        257 |        257 |       0 |    0 |      0 |      0 |      0 |    0 |          0 |
|               u_core                       |                                                      sha256_core_dsp_explicit__19 |       1469 |       1469 |       0 |    0 |   1653 |      0 |      0 |    0 |          3 |
|                 u_core                     |                                                         sha256_core_iterative__19 |       1469 |       1469 |       0 |    0 |   1653 |      0 |      0 |    0 |          3 |
|                   (u_core)                 |                                                         sha256_core_iterative__19 |       1469 |       1469 |       0 |    0 |   1653 |      0 |      0 |    0 |          0 |
|           g_engines[19].u_engine           |                                                           bitcoin_hash_engine__20 |       2292 |       2292 |       0 |    0 |   2632 |      0 |      0 |    0 |          3 |
|             (g_engines[19].u_engine)       |                                                           bitcoin_hash_engine__20 |        561 |        561 |       0 |    0 |    979 |      0 |      0 |    0 |          0 |
|             g_explicit_dsp.u_core          |                                              bitcoin_sha256_core_dsp_explicit__20 |       1731 |       1731 |       0 |    0 |   1653 |      0 |      0 |    0 |          3 |
|               (g_explicit_dsp.u_core)      |                                              bitcoin_sha256_core_dsp_explicit__20 |        257 |        257 |       0 |    0 |      0 |      0 |      0 |    0 |          0 |
|               u_core                       |                                                      sha256_core_dsp_explicit__20 |       1474 |       1474 |       0 |    0 |   1653 |      0 |      0 |    0 |          3 |
|                 u_core                     |                                                         sha256_core_iterative__20 |       1474 |       1474 |       0 |    0 |   1653 |      0 |      0 |    0 |          3 |
|                   (u_core)                 |                                                         sha256_core_iterative__20 |       1474 |       1474 |       0 |    0 |   1653 |      0 |      0 |    0 |          0 |
|           g_engines[1].u_engine            |                                                            bitcoin_hash_engine__2 |       2272 |       2272 |       0 |    0 |   2632 |      0 |      0 |    0 |          3 |
|             (g_engines[1].u_engine)        |                                                            bitcoin_hash_engine__2 |        546 |        546 |       0 |    0 |    979 |      0 |      0 |    0 |          0 |
|             g_explicit_dsp.u_core          |                                               bitcoin_sha256_core_dsp_explicit__2 |       1726 |       1726 |       0 |    0 |   1653 |      0 |      0 |    0 |          3 |
|               (g_explicit_dsp.u_core)      |                                               bitcoin_sha256_core_dsp_explicit__2 |        257 |        257 |       0 |    0 |      0 |      0 |      0 |    0 |          0 |
|               u_core                       |                                                       sha256_core_dsp_explicit__2 |       1469 |       1469 |       0 |    0 |   1653 |      0 |      0 |    0 |          3 |
|                 u_core                     |                                                          sha256_core_iterative__2 |       1469 |       1469 |       0 |    0 |   1653 |      0 |      0 |    0 |          3 |
|                   (u_core)                 |                                                          sha256_core_iterative__2 |       1469 |       1469 |       0 |    0 |   1653 |      0 |      0 |    0 |          0 |
|           g_engines[20].u_engine           |                                                           bitcoin_hash_engine__21 |       2282 |       2282 |       0 |    0 |   2632 |      0 |      0 |    0 |          3 |
|             (g_engines[20].u_engine)       |                                                           bitcoin_hash_engine__21 |        558 |        558 |       0 |    0 |    979 |      0 |      0 |    0 |          0 |
|             g_explicit_dsp.u_core          |                                              bitcoin_sha256_core_dsp_explicit__21 |       1726 |       1726 |       0 |    0 |   1653 |      0 |      0 |    0 |          3 |
|               (g_explicit_dsp.u_core)      |                                              bitcoin_sha256_core_dsp_explicit__21 |        257 |        257 |       0 |    0 |      0 |      0 |      0 |    0 |          0 |
|               u_core                       |                                                      sha256_core_dsp_explicit__21 |       1469 |       1469 |       0 |    0 |   1653 |      0 |      0 |    0 |          3 |
|                 u_core                     |                                                         sha256_core_iterative__21 |       1469 |       1469 |       0 |    0 |   1653 |      0 |      0 |    0 |          3 |
|                   (u_core)                 |                                                         sha256_core_iterative__21 |       1469 |       1469 |       0 |    0 |   1653 |      0 |      0 |    0 |          0 |
|           g_engines[21].u_engine           |                                                           bitcoin_hash_engine__22 |       2266 |       2266 |       0 |    0 |   2632 |      0 |      0 |    0 |          3 |
|             (g_engines[21].u_engine)       |                                                           bitcoin_hash_engine__22 |        542 |        542 |       0 |    0 |    979 |      0 |      0 |    0 |          0 |
|             g_explicit_dsp.u_core          |                                              bitcoin_sha256_core_dsp_explicit__22 |       1727 |       1727 |       0 |    0 |   1653 |      0 |      0 |    0 |          3 |
|               (g_explicit_dsp.u_core)      |                                              bitcoin_sha256_core_dsp_explicit__22 |        257 |        257 |       0 |    0 |      0 |      0 |      0 |    0 |          0 |
|               u_core                       |                                                      sha256_core_dsp_explicit__22 |       1470 |       1470 |       0 |    0 |   1653 |      0 |      0 |    0 |          3 |
|                 u_core                     |                                                         sha256_core_iterative__22 |       1470 |       1470 |       0 |    0 |   1653 |      0 |      0 |    0 |          3 |
|                   (u_core)                 |                                                         sha256_core_iterative__22 |       1470 |       1470 |       0 |    0 |   1653 |      0 |      0 |    0 |          0 |
|           g_engines[22].u_engine           |                                                           bitcoin_hash_engine__23 |       2285 |       2285 |       0 |    0 |   2632 |      0 |      0 |    0 |          3 |
|             (g_engines[22].u_engine)       |                                                           bitcoin_hash_engine__23 |        562 |        562 |       0 |    0 |    979 |      0 |      0 |    0 |          0 |
|             g_explicit_dsp.u_core          |                                              bitcoin_sha256_core_dsp_explicit__23 |       1725 |       1725 |       0 |    0 |   1653 |      0 |      0 |    0 |          3 |
|               (g_explicit_dsp.u_core)      |                                              bitcoin_sha256_core_dsp_explicit__23 |        257 |        257 |       0 |    0 |      0 |      0 |      0 |    0 |          0 |
|               u_core                       |                                                      sha256_core_dsp_explicit__23 |       1468 |       1468 |       0 |    0 |   1653 |      0 |      0 |    0 |          3 |
|                 u_core                     |                                                         sha256_core_iterative__23 |       1468 |       1468 |       0 |    0 |   1653 |      0 |      0 |    0 |          3 |
|                   (u_core)                 |                                                         sha256_core_iterative__23 |       1468 |       1468 |       0 |    0 |   1653 |      0 |      0 |    0 |          0 |
|           g_engines[23].u_engine           |                                                           bitcoin_hash_engine__24 |       2265 |       2265 |       0 |    0 |   2632 |      0 |      0 |    0 |          3 |
|             (g_engines[23].u_engine)       |                                                           bitcoin_hash_engine__24 |        546 |        546 |       0 |    0 |    979 |      0 |      0 |    0 |          0 |
|             g_explicit_dsp.u_core          |                                              bitcoin_sha256_core_dsp_explicit__24 |       1722 |       1722 |       0 |    0 |   1653 |      0 |      0 |    0 |          3 |
|               (g_explicit_dsp.u_core)      |                                              bitcoin_sha256_core_dsp_explicit__24 |        257 |        257 |       0 |    0 |      0 |      0 |      0 |    0 |          0 |
|               u_core                       |                                                      sha256_core_dsp_explicit__24 |       1465 |       1465 |       0 |    0 |   1653 |      0 |      0 |    0 |          3 |
|                 u_core                     |                                                         sha256_core_iterative__24 |       1465 |       1465 |       0 |    0 |   1653 |      0 |      0 |    0 |          3 |
|                   (u_core)                 |                                                         sha256_core_iterative__24 |       1465 |       1465 |       0 |    0 |   1653 |      0 |      0 |    0 |          0 |
|           g_engines[24].u_engine           |                                                           bitcoin_hash_engine__25 |       2297 |       2297 |       0 |    0 |   2632 |      0 |      0 |    0 |          3 |
|             (g_engines[24].u_engine)       |                                                           bitcoin_hash_engine__25 |        568 |        568 |       0 |    0 |    979 |      0 |      0 |    0 |          0 |
|             g_explicit_dsp.u_core          |                                              bitcoin_sha256_core_dsp_explicit__25 |       1730 |       1730 |       0 |    0 |   1653 |      0 |      0 |    0 |          3 |
|               (g_explicit_dsp.u_core)      |                                              bitcoin_sha256_core_dsp_explicit__25 |        257 |        257 |       0 |    0 |      0 |      0 |      0 |    0 |          0 |
|               u_core                       |                                                      sha256_core_dsp_explicit__25 |       1473 |       1473 |       0 |    0 |   1653 |      0 |      0 |    0 |          3 |
|                 u_core                     |                                                         sha256_core_iterative__25 |       1473 |       1473 |       0 |    0 |   1653 |      0 |      0 |    0 |          3 |
|                   (u_core)                 |                                                         sha256_core_iterative__25 |       1473 |       1473 |       0 |    0 |   1653 |      0 |      0 |    0 |          0 |
|           g_engines[25].u_engine           |                                                           bitcoin_hash_engine__26 |       2279 |       2279 |       0 |    0 |   2632 |      0 |      0 |    0 |          3 |
|             (g_engines[25].u_engine)       |                                                           bitcoin_hash_engine__26 |        555 |        555 |       0 |    0 |    979 |      0 |      0 |    0 |          0 |
|             g_explicit_dsp.u_core          |                                              bitcoin_sha256_core_dsp_explicit__26 |       1724 |       1724 |       0 |    0 |   1653 |      0 |      0 |    0 |          3 |
|               (g_explicit_dsp.u_core)      |                                              bitcoin_sha256_core_dsp_explicit__26 |        257 |        257 |       0 |    0 |      0 |      0 |      0 |    0 |          0 |
|               u_core                       |                                                      sha256_core_dsp_explicit__26 |       1468 |       1468 |       0 |    0 |   1653 |      0 |      0 |    0 |          3 |
|                 u_core                     |                                                         sha256_core_iterative__26 |       1468 |       1468 |       0 |    0 |   1653 |      0 |      0 |    0 |          3 |
|                   (u_core)                 |                                                         sha256_core_iterative__26 |       1468 |       1468 |       0 |    0 |   1653 |      0 |      0 |    0 |          0 |
|           g_engines[26].u_engine           |                                                           bitcoin_hash_engine__27 |       2286 |       2286 |       0 |    0 |   2632 |      0 |      0 |    0 |          3 |
|             (g_engines[26].u_engine)       |                                                           bitcoin_hash_engine__27 |        559 |        559 |       0 |    0 |    979 |      0 |      0 |    0 |          0 |
|             g_explicit_dsp.u_core          |                                              bitcoin_sha256_core_dsp_explicit__27 |       1729 |       1729 |       0 |    0 |   1653 |      0 |      0 |    0 |          3 |
|               (g_explicit_dsp.u_core)      |                                              bitcoin_sha256_core_dsp_explicit__27 |        257 |        257 |       0 |    0 |      0 |      0 |      0 |    0 |          0 |
|               u_core                       |                                                      sha256_core_dsp_explicit__27 |       1472 |       1472 |       0 |    0 |   1653 |      0 |      0 |    0 |          3 |
|                 u_core                     |                                                         sha256_core_iterative__27 |       1472 |       1472 |       0 |    0 |   1653 |      0 |      0 |    0 |          3 |
|                   (u_core)                 |                                                         sha256_core_iterative__27 |       1472 |       1472 |       0 |    0 |   1653 |      0 |      0 |    0 |          0 |
|           g_engines[27].u_engine           |                                                           bitcoin_hash_engine__28 |       2274 |       2274 |       0 |    0 |   2632 |      0 |      0 |    0 |          3 |
|             (g_engines[27].u_engine)       |                                                           bitcoin_hash_engine__28 |        550 |        550 |       0 |    0 |    979 |      0 |      0 |    0 |          0 |
|             g_explicit_dsp.u_core          |                                              bitcoin_sha256_core_dsp_explicit__28 |       1725 |       1725 |       0 |    0 |   1653 |      0 |      0 |    0 |          3 |
|               (g_explicit_dsp.u_core)      |                                              bitcoin_sha256_core_dsp_explicit__28 |        257 |        257 |       0 |    0 |      0 |      0 |      0 |    0 |          0 |
|               u_core                       |                                                      sha256_core_dsp_explicit__28 |       1468 |       1468 |       0 |    0 |   1653 |      0 |      0 |    0 |          3 |
|                 u_core                     |                                                         sha256_core_iterative__28 |       1468 |       1468 |       0 |    0 |   1653 |      0 |      0 |    0 |          3 |
|                   (u_core)                 |                                                         sha256_core_iterative__28 |       1468 |       1468 |       0 |    0 |   1653 |      0 |      0 |    0 |          0 |
|           g_engines[28].u_engine           |                                                           bitcoin_hash_engine__29 |       2276 |       2276 |       0 |    0 |   2632 |      0 |      0 |    0 |          3 |
|             (g_engines[28].u_engine)       |                                                           bitcoin_hash_engine__29 |        549 |        549 |       0 |    0 |    979 |      0 |      0 |    0 |          0 |
|             g_explicit_dsp.u_core          |                                              bitcoin_sha256_core_dsp_explicit__29 |       1727 |       1727 |       0 |    0 |   1653 |      0 |      0 |    0 |          3 |
|               (g_explicit_dsp.u_core)      |                                              bitcoin_sha256_core_dsp_explicit__29 |        257 |        257 |       0 |    0 |      0 |      0 |      0 |    0 |          0 |
|               u_core                       |                                                      sha256_core_dsp_explicit__29 |       1470 |       1470 |       0 |    0 |   1653 |      0 |      0 |    0 |          3 |
|                 u_core                     |                                                         sha256_core_iterative__29 |       1470 |       1470 |       0 |    0 |   1653 |      0 |      0 |    0 |          3 |
|                   (u_core)                 |                                                         sha256_core_iterative__29 |       1470 |       1470 |       0 |    0 |   1653 |      0 |      0 |    0 |          0 |
|           g_engines[29].u_engine           |                                                           bitcoin_hash_engine__30 |       2281 |       2281 |       0 |    0 |   2632 |      0 |      0 |    0 |          3 |
|             (g_engines[29].u_engine)       |                                                           bitcoin_hash_engine__30 |        556 |        556 |       0 |    0 |    979 |      0 |      0 |    0 |          0 |
|             g_explicit_dsp.u_core          |                                              bitcoin_sha256_core_dsp_explicit__30 |       1726 |       1726 |       0 |    0 |   1653 |      0 |      0 |    0 |          3 |
|               (g_explicit_dsp.u_core)      |                                              bitcoin_sha256_core_dsp_explicit__30 |        257 |        257 |       0 |    0 |      0 |      0 |      0 |    0 |          0 |
|               u_core                       |                                                      sha256_core_dsp_explicit__30 |       1469 |       1469 |       0 |    0 |   1653 |      0 |      0 |    0 |          3 |
|                 u_core                     |                                                         sha256_core_iterative__30 |       1469 |       1469 |       0 |    0 |   1653 |      0 |      0 |    0 |          3 |
|                   (u_core)                 |                                                         sha256_core_iterative__30 |       1469 |       1469 |       0 |    0 |   1653 |      0 |      0 |    0 |          0 |
|           g_engines[2].u_engine            |                                                            bitcoin_hash_engine__3 |       2270 |       2270 |       0 |    0 |   2632 |      0 |      0 |    0 |          3 |
|             (g_engines[2].u_engine)        |                                                            bitcoin_hash_engine__3 |        549 |        549 |       0 |    0 |    979 |      0 |      0 |    0 |          0 |
|             g_explicit_dsp.u_core          |                                               bitcoin_sha256_core_dsp_explicit__3 |       1722 |       1722 |       0 |    0 |   1653 |      0 |      0 |    0 |          3 |
|               (g_explicit_dsp.u_core)      |                                               bitcoin_sha256_core_dsp_explicit__3 |        257 |        257 |       0 |    0 |      0 |      0 |      0 |    0 |          0 |
|               u_core                       |                                                       sha256_core_dsp_explicit__3 |       1465 |       1465 |       0 |    0 |   1653 |      0 |      0 |    0 |          3 |
|                 u_core                     |                                                          sha256_core_iterative__3 |       1465 |       1465 |       0 |    0 |   1653 |      0 |      0 |    0 |          3 |
|                   (u_core)                 |                                                          sha256_core_iterative__3 |       1465 |       1465 |       0 |    0 |   1653 |      0 |      0 |    0 |          0 |
|           g_engines[30].u_engine           |                                                           bitcoin_hash_engine__31 |       2272 |       2272 |       0 |    0 |   2632 |      0 |      0 |    0 |          3 |
|             (g_engines[30].u_engine)       |                                                           bitcoin_hash_engine__31 |        546 |        546 |       0 |    0 |    979 |      0 |      0 |    0 |          0 |
|             g_explicit_dsp.u_core          |                                              bitcoin_sha256_core_dsp_explicit__31 |       1726 |       1726 |       0 |    0 |   1653 |      0 |      0 |    0 |          3 |
|               (g_explicit_dsp.u_core)      |                                              bitcoin_sha256_core_dsp_explicit__31 |        257 |        257 |       0 |    0 |      0 |      0 |      0 |    0 |          0 |
|               u_core                       |                                                      sha256_core_dsp_explicit__31 |       1469 |       1469 |       0 |    0 |   1653 |      0 |      0 |    0 |          3 |
|                 u_core                     |                                                         sha256_core_iterative__31 |       1469 |       1469 |       0 |    0 |   1653 |      0 |      0 |    0 |          3 |
|                   (u_core)                 |                                                         sha256_core_iterative__31 |       1469 |       1469 |       0 |    0 |   1653 |      0 |      0 |    0 |          0 |
|           g_engines[31].u_engine           |                                                               bitcoin_hash_engine |       2279 |       2279 |       0 |    0 |   2632 |      0 |      0 |    0 |          3 |
|             (g_engines[31].u_engine)       |                                                               bitcoin_hash_engine |        549 |        549 |       0 |    0 |    979 |      0 |      0 |    0 |          0 |
|             g_explicit_dsp.u_core          |                                                  bitcoin_sha256_core_dsp_explicit |       1731 |       1731 |       0 |    0 |   1653 |      0 |      0 |    0 |          3 |
|               (g_explicit_dsp.u_core)      |                                                  bitcoin_sha256_core_dsp_explicit |        257 |        257 |       0 |    0 |      0 |      0 |      0 |    0 |          0 |
|               u_core                       |                                                          sha256_core_dsp_explicit |       1474 |       1474 |       0 |    0 |   1653 |      0 |      0 |    0 |          3 |
|                 u_core                     |                                                             sha256_core_iterative |       1474 |       1474 |       0 |    0 |   1653 |      0 |      0 |    0 |          3 |
|                   (u_core)                 |                                                             sha256_core_iterative |       1474 |       1474 |       0 |    0 |   1653 |      0 |      0 |    0 |          0 |
|           g_engines[3].u_engine            |                                                            bitcoin_hash_engine__4 |       2269 |       2269 |       0 |    0 |   2632 |      0 |      0 |    0 |          3 |
|             (g_engines[3].u_engine)        |                                                            bitcoin_hash_engine__4 |        546 |        546 |       0 |    0 |    979 |      0 |      0 |    0 |          0 |
|             g_explicit_dsp.u_core          |                                               bitcoin_sha256_core_dsp_explicit__4 |       1723 |       1723 |       0 |    0 |   1653 |      0 |      0 |    0 |          3 |
|               (g_explicit_dsp.u_core)      |                                               bitcoin_sha256_core_dsp_explicit__4 |        257 |        257 |       0 |    0 |      0 |      0 |      0 |    0 |          0 |
|               u_core                       |                                                       sha256_core_dsp_explicit__4 |       1466 |       1466 |       0 |    0 |   1653 |      0 |      0 |    0 |          3 |
|                 u_core                     |                                                          sha256_core_iterative__4 |       1466 |       1466 |       0 |    0 |   1653 |      0 |      0 |    0 |          3 |
|                   (u_core)                 |                                                          sha256_core_iterative__4 |       1466 |       1466 |       0 |    0 |   1653 |      0 |      0 |    0 |          0 |
|           g_engines[4].u_engine            |                                                            bitcoin_hash_engine__5 |       2281 |       2281 |       0 |    0 |   2632 |      0 |      0 |    0 |          3 |
|             (g_engines[4].u_engine)        |                                                            bitcoin_hash_engine__5 |        553 |        553 |       0 |    0 |    979 |      0 |      0 |    0 |          0 |
|             g_explicit_dsp.u_core          |                                               bitcoin_sha256_core_dsp_explicit__5 |       1728 |       1728 |       0 |    0 |   1653 |      0 |      0 |    0 |          3 |
|               (g_explicit_dsp.u_core)      |                                               bitcoin_sha256_core_dsp_explicit__5 |        257 |        257 |       0 |    0 |      0 |      0 |      0 |    0 |          0 |
|               u_core                       |                                                       sha256_core_dsp_explicit__5 |       1471 |       1471 |       0 |    0 |   1653 |      0 |      0 |    0 |          3 |
|                 u_core                     |                                                          sha256_core_iterative__5 |       1471 |       1471 |       0 |    0 |   1653 |      0 |      0 |    0 |          3 |
|                   (u_core)                 |                                                          sha256_core_iterative__5 |       1471 |       1471 |       0 |    0 |   1653 |      0 |      0 |    0 |          0 |
|           g_engines[5].u_engine            |                                                            bitcoin_hash_engine__6 |       2282 |       2282 |       0 |    0 |   2632 |      0 |      0 |    0 |          3 |
|             (g_engines[5].u_engine)        |                                                            bitcoin_hash_engine__6 |        557 |        557 |       0 |    0 |    979 |      0 |      0 |    0 |          0 |
|             g_explicit_dsp.u_core          |                                               bitcoin_sha256_core_dsp_explicit__6 |       1727 |       1727 |       0 |    0 |   1653 |      0 |      0 |    0 |          3 |
|               (g_explicit_dsp.u_core)      |                                               bitcoin_sha256_core_dsp_explicit__6 |        257 |        257 |       0 |    0 |      0 |      0 |      0 |    0 |          0 |
|               u_core                       |                                                       sha256_core_dsp_explicit__6 |       1470 |       1470 |       0 |    0 |   1653 |      0 |      0 |    0 |          3 |
|                 u_core                     |                                                          sha256_core_iterative__6 |       1470 |       1470 |       0 |    0 |   1653 |      0 |      0 |    0 |          3 |
|                   (u_core)                 |                                                          sha256_core_iterative__6 |       1470 |       1470 |       0 |    0 |   1653 |      0 |      0 |    0 |          0 |
|           g_engines[6].u_engine            |                                                            bitcoin_hash_engine__7 |       2274 |       2274 |       0 |    0 |   2632 |      0 |      0 |    0 |          3 |
|             (g_engines[6].u_engine)        |                                                            bitcoin_hash_engine__7 |        552 |        552 |       0 |    0 |    979 |      0 |      0 |    0 |          0 |
|             g_explicit_dsp.u_core          |                                               bitcoin_sha256_core_dsp_explicit__7 |       1725 |       1725 |       0 |    0 |   1653 |      0 |      0 |    0 |          3 |
|               (g_explicit_dsp.u_core)      |                                               bitcoin_sha256_core_dsp_explicit__7 |        257 |        257 |       0 |    0 |      0 |      0 |      0 |    0 |          0 |
|               u_core                       |                                                       sha256_core_dsp_explicit__7 |       1468 |       1468 |       0 |    0 |   1653 |      0 |      0 |    0 |          3 |
|                 u_core                     |                                                          sha256_core_iterative__7 |       1468 |       1468 |       0 |    0 |   1653 |      0 |      0 |    0 |          3 |
|                   (u_core)                 |                                                          sha256_core_iterative__7 |       1468 |       1468 |       0 |    0 |   1653 |      0 |      0 |    0 |          0 |
|           g_engines[7].u_engine            |                                                            bitcoin_hash_engine__8 |       2275 |       2275 |       0 |    0 |   2632 |      0 |      0 |    0 |          3 |
|             (g_engines[7].u_engine)        |                                                            bitcoin_hash_engine__8 |        554 |        554 |       0 |    0 |    979 |      0 |      0 |    0 |          0 |
|             g_explicit_dsp.u_core          |                                               bitcoin_sha256_core_dsp_explicit__8 |       1723 |       1723 |       0 |    0 |   1653 |      0 |      0 |    0 |          3 |
|               (g_explicit_dsp.u_core)      |                                               bitcoin_sha256_core_dsp_explicit__8 |        257 |        257 |       0 |    0 |      0 |      0 |      0 |    0 |          0 |
|               u_core                       |                                                       sha256_core_dsp_explicit__8 |       1466 |       1466 |       0 |    0 |   1653 |      0 |      0 |    0 |          3 |
|                 u_core                     |                                                          sha256_core_iterative__8 |       1466 |       1466 |       0 |    0 |   1653 |      0 |      0 |    0 |          3 |
|                   (u_core)                 |                                                          sha256_core_iterative__8 |       1466 |       1466 |       0 |    0 |   1653 |      0 |      0 |    0 |          0 |
|           g_engines[8].u_engine            |                                                            bitcoin_hash_engine__9 |       2272 |       2272 |       0 |    0 |   2632 |      0 |      0 |    0 |          3 |
|             (g_engines[8].u_engine)        |                                                            bitcoin_hash_engine__9 |        549 |        549 |       0 |    0 |    979 |      0 |      0 |    0 |          0 |
|             g_explicit_dsp.u_core          |                                               bitcoin_sha256_core_dsp_explicit__9 |       1724 |       1724 |       0 |    0 |   1653 |      0 |      0 |    0 |          3 |
|               (g_explicit_dsp.u_core)      |                                               bitcoin_sha256_core_dsp_explicit__9 |        257 |        257 |       0 |    0 |      0 |      0 |      0 |    0 |          0 |
|               u_core                       |                                                       sha256_core_dsp_explicit__9 |       1467 |       1467 |       0 |    0 |   1653 |      0 |      0 |    0 |          3 |
|                 u_core                     |                                                          sha256_core_iterative__9 |       1467 |       1467 |       0 |    0 |   1653 |      0 |      0 |    0 |          3 |
|                   (u_core)                 |                                                          sha256_core_iterative__9 |       1467 |       1467 |       0 |    0 |   1653 |      0 |      0 |    0 |          0 |
|           g_engines[9].u_engine            |                                                           bitcoin_hash_engine__10 |       2281 |       2281 |       0 |    0 |   2632 |      0 |      0 |    0 |          3 |
|             (g_engines[9].u_engine)        |                                                           bitcoin_hash_engine__10 |        555 |        555 |       0 |    0 |    979 |      0 |      0 |    0 |          0 |
|             g_explicit_dsp.u_core          |                                              bitcoin_sha256_core_dsp_explicit__10 |       1727 |       1727 |       0 |    0 |   1653 |      0 |      0 |    0 |          3 |
|               (g_explicit_dsp.u_core)      |                                              bitcoin_sha256_core_dsp_explicit__10 |        257 |        257 |       0 |    0 |      0 |      0 |      0 |    0 |          0 |
|               u_core                       |                                                      sha256_core_dsp_explicit__10 |       1470 |       1470 |       0 |    0 |   1653 |      0 |      0 |    0 |          3 |
|                 u_core                     |                                                         sha256_core_iterative__10 |       1470 |       1470 |       0 |    0 |   1653 |      0 |      0 |    0 |          3 |
|                   (u_core)                 |                                                         sha256_core_iterative__10 |       1470 |       1470 |       0 |    0 |   1653 |      0 |      0 |    0 |          0 |
+--------------------------------------------+-----------------------------------------------------------------------------------+------------+------------+---------+------+--------+--------+--------+------+------------+
* Note: The sum of lower-level cells may be larger than their parent cells total, due to cross-hierarchy LUT combining


